"monster_id","name_en","title_en","source_file","typeId_raw","type_raw","lv_raw","hp_lim_raw","def_raw","resist_raw","camp_raw","isFire_raw","tough_raw","mode_raw","bossType_raw","model_raw","deadType_raw","skill_list_raw","fuente_catalogo"
"1000","","T?","data_mon_1000__lua_config_mon_en__1ec657f69a.txt","","","","","","","","","","","","","","","monster-client-catalog.csv"
"1001","","/?","data_mon_1001__lua_config_mon_en__1c8602188b.txt","","","","","","","","","","","","","","","monster-client-catalog.csv"
"2002","","/?","data_mon_2002__lua_config_mon_en__92b09a3992.txt","","","","","","","","","","","","","","","monster-client-catalog.csv"
"2003","","/?","data_mon_2003__lua_config_mon_en__e541347cd9.txt","","","","","","","","","","","","","","","monster-client-catalog.csv"
"2004","","/?","data_mon_2004__lua_config_mon_en__36bcbd8000.txt","","","","","","","","","","","","","","","monster-client-catalog.csv"
"2005","","+","data_mon_2005__lua_config_mon_en__15edb98b2a.txt","","","","","","","","","","","","","","","monster-client-catalog.csv"
"2102","","/?","data_mon_2102__lua_config_mon_en__64eb97844c.txt","","","","","","","","","","","","","","","monster-client-catalog.csv"
"2103","","/?","data_mon_2103__lua_config_mon_en__0c4d2872a8.txt","","","","","","","","","","","","","","","monster-client-catalog.csv"
"2110","","1","data_mon_2110__lua_config_mon_en__e9de3a72c7.txt","","","","","","","","","","","","","","","monster-client-catalog.csv"
"2400","","7","data_mon_2400__lua_config_mon_en__6ab2357898.txt","","","","","","","","","","","","","","","monster-client-catalog.csv"
"2401","",":","data_mon_2401__lua_config_mon_en__5cb469d250.txt","","","","","","","","","","","","","","","monster-client-catalog.csv"
"2402","","7","data_mon_2402__lua_config_mon_en__e5419f54c4.txt","","","","","","","","","","","","","","","monster-client-catalog.csv"
"2403","","7","data_mon_2403__lua_config_mon_en__3f911eb730.txt","","","","","","","","","","","","","","","monster-client-catalog.csv"
"2404","","7","data_mon_2404__lua_config_mon_en__ffb1b62b9b.txt","","","","","","","","","","","","","","","monster-client-catalog.csv"
"2405","","7","data_mon_2405__lua_config_mon_en__9229719a86.txt","","","","","","","","","","","","","","","monster-client-catalog.csv"
"2406","","7","data_mon_2406__lua_config_mon_en__35e3fb2a4e.txt","","","","","","","","","","","","","","","monster-client-catalog.csv"
"2407","","7","data_mon_2407__lua_config_mon_en__04e488c717.txt","","","","","","","","","","","","","","","monster-client-catalog.csv"
"2408","","7","data_mon_2408__lua_config_mon_en__cc8adf9215.txt","","","","","","","","","","","","","","","monster-client-catalog.csv"
"2409","","7","data_mon_2409__lua_config_mon_en__0b6f0bb200.txt","","","","","","","","","","","","","","","monster-client-catalog.csv"
"2410","","7","data_mon_2410__lua_config_mon_en__14a4410356.txt","","","","","","","","","","","","","","","monster-client-catalog.csv"
"2411","","7","data_mon_2411__lua_config_mon_en__76728a00f5.txt","","","","","","","","","","","","","","","monster-client-catalog.csv"
"2412","","7","data_mon_2412__lua_config_mon_en__49e8a946bf.txt","","","","","","","","","","","","","","","monster-client-catalog.csv"
"2413","","7","data_mon_2413__lua_config_mon_en__f29a537e5b.txt","","","","","","","","","","","","","","","monster-client-catalog.csv"
"2414","","7","data_mon_2414__lua_config_mon_en__698d74c130.txt","","","","","","","","","","","","","","","monster-client-catalog.csv"
"2415","","7","data_mon_2415__lua_config_mon_en__6196a38e8c.txt","","","","","","","","","","","","","","","monster-client-catalog.csv"
"2416","","7","data_mon_2416__lua_config_mon_en__d784515481.txt","","","","","","","","","","","","","","","monster-client-catalog.csv"
"2417","","7","data_mon_2417__lua_config_mon_en__0b8c335253.txt","","","","","","","","","","","","","","","monster-client-catalog.csv"
"2418","","7","data_mon_2418__lua_config_mon_en__9ecce63960.txt","","","","","","","","","","","","","","","monster-client-catalog.csv"
"2419","","7","data_mon_2419__lua_config_mon_en__f5184df2cf.txt","","","","","","","","","","","","","","","monster-client-catalog.csv"
"2420","","7","data_mon_2420__lua_config_mon_en__4aa041ebb2.txt","","","","","","","","","","","","","","","monster-client-catalog.csv"
"2421","","7","data_mon_2421__lua_config_mon_en__2392ddcaa8.txt","","","","","","","","","","","","","","","monster-client-catalog.csv"
"2422","","7","data_mon_2422__lua_config_mon_en__4d90f515f2.txt","","","","","","","","","","","","","","","monster-client-catalog.csv"
"2423","","7","data_mon_2423__lua_config_mon_en__6dc719bd7c.txt","","","","","","","","","","","","","","","monster-client-catalog.csv"
"2424","","7","data_mon_2424__lua_config_mon_en__6c0feb0dcb.txt","","","","","","","","","","","","","","","monster-client-catalog.csv"
"2425","","7","data_mon_2425__lua_config_mon_en__b50141361c.txt","","","","","","","","","","","","","","","monster-client-catalog.csv"
"2426","","7","data_mon_2426__lua_config_mon_en__ffbf8ae39c.txt","","","","","","","","","","","","","","","monster-client-catalog.csv"
"2427","","7","data_mon_2427__lua_config_mon_en__7bbcd09fa8.txt","","","","","","","","","","","","","","","monster-client-catalog.csv"
"2428","","7","data_mon_2428__lua_config_mon_en__f9822ab2bb.txt","","","","","","","","","","","","","","","monster-client-catalog.csv"
"2429","","7","data_mon_2429__lua_config_mon_en__902ec6a857.txt","","","","","","","","","","","","","","","monster-client-catalog.csv"
"2430","","7","data_mon_2430__lua_config_mon_en__95445bf043.txt","","","","","","","","","","","","","","","monster-client-catalog.csv"
"2431","","7","data_mon_2431__lua_config_mon_en__15d8b40bf8.txt","","","","","","","","","","","","","","","monster-client-catalog.csv"
"2432","","7","data_mon_2432__lua_config_mon_en__375b03131d.txt","","","","","","","","","","","","","","","monster-client-catalog.csv"
"2433","","7","data_mon_2433__lua_config_mon_en__95e9e8a719.txt","","","","","","","","","","","","","","","monster-client-catalog.csv"
"2434","","7","data_mon_2434__lua_config_mon_en__b8de0be27c.txt","","","","","","","","","","","","","","","monster-client-catalog.csv"
"2435","","7","data_mon_2435__lua_config_mon_en__a4c92f8cd6.txt","","","","","","","","","","","","","","","monster-client-catalog.csv"
"2436","","7","data_mon_2436__lua_config_mon_en__2c0d1ed380.txt","","","","","","","","","","","","","","","monster-client-catalog.csv"
"2437","","7","data_mon_2437__lua_config_mon_en__d9e3d4ec74.txt","","","","","","","","","","","","","","","monster-client-catalog.csv"
"2438","","7","data_mon_2438__lua_config_mon_en__5eccda7307.txt","","","","","","","","","","","","","","","monster-client-catalog.csv"
"2439","","7","data_mon_2439__lua_config_mon_en__6ec9e4bf68.txt","","","","","","","","","","","","","","","monster-client-catalog.csv"
"2440","","7","data_mon_2440__lua_config_mon_en__e2552a4f81.txt","","","","","","","","","","","","","","","monster-client-catalog.csv"
"2441","","7","data_mon_2441__lua_config_mon_en__e01c101602.txt","","","","","","","","","","","","","","","monster-client-catalog.csv"
"2442","","7","data_mon_2442__lua_config_mon_en__ea07f51862.txt","","","","","","","","","","","","","","","monster-client-catalog.csv"
"2443","","7","data_mon_2443__lua_config_mon_en__399493aa0b.txt","","","","","","","","","","","","","","","monster-client-catalog.csv"
"2444","","7","data_mon_2444__lua_config_mon_en__9d23e3052c.txt","","","","","","","","","","","","","","","monster-client-catalog.csv"
"2445","","7","data_mon_2445__lua_config_mon_en__b61678a7ac.txt","","","","","","","","","","","","","","","monster-client-catalog.csv"
"2446","","7","data_mon_2446__lua_config_mon_en__b8728153d3.txt","","","","","","","","","","","","","","","monster-client-catalog.csv"
"2447","","7","data_mon_2447__lua_config_mon_en__d31643dc17.txt","","","","","","","","","","","","","","","monster-client-catalog.csv"
"2448","","7","data_mon_2448__lua_config_mon_en__2438cfb2cf.txt","","","","","","","","","","","","","","","monster-client-catalog.csv"
"2449","","7","data_mon_2449__lua_config_mon_en__c7a26fbfda.txt","","","","","","","","","","","","","","","monster-client-catalog.csv"
"2450","","7","data_mon_2450__lua_config_mon_en__eb620c7ed0.txt","","","","","","","","","","","","","","","monster-client-catalog.csv"
"2451","","7","data_mon_2451__lua_config_mon_en__55f0bc3078.txt","","","","","","","","","","","","","","","monster-client-catalog.csv"
"2452","","7","data_mon_2452__lua_config_mon_en__49581529cc.txt","","","","","","","","","","","","","","","monster-client-catalog.csv"
"2453","","7","data_mon_2453__lua_config_mon_en__6536cd3b0e.txt","","","","","","","","","","","","","","","monster-client-catalog.csv"
"2454","","7","data_mon_2454__lua_config_mon_en__4f5434e8b8.txt","","","","","","","","","","","","","","","monster-client-catalog.csv"
"2455","","7","data_mon_2455__lua_config_mon_en__2986b0d7e3.txt","","","","","","","","","","","","","","","monster-client-catalog.csv"
"2456","","7","data_mon_2456__lua_config_mon_en__6ddf8a9d3d.txt","","","","","","","","","","","","","","","monster-client-catalog.csv"
"2457","","7","data_mon_2457__lua_config_mon_en__d79070c3f3.txt","","","","","","","","","","","","","","","monster-client-catalog.csv"
"2458","","7","data_mon_2458__lua_config_mon_en__5acbb19dd1.txt","","","","","","","","","","","","","","","monster-client-catalog.csv"
"2459","","7","data_mon_2459__lua_config_mon_en__37de843641.txt","","","","","","","","","","","","","","","monster-client-catalog.csv"
"2460","","7","data_mon_2460__lua_config_mon_en__729a3cbbd1.txt","","","","","","","","","","","","","","","monster-client-catalog.csv"
"2461","","7","data_mon_2461__lua_config_mon_en__61c12ada79.txt","","","","","","","","","","","","","","","monster-client-catalog.csv"
"2462","","7","data_mon_2462__lua_config_mon_en__15229aee84.txt","","","","","","","","","","","","","","","monster-client-catalog.csv"
"2463","","7","data_mon_2463__lua_config_mon_en__790ef709bc.txt","","","","","","","","","","","","","","","monster-client-catalog.csv"
"2464","","7","data_mon_2464__lua_config_mon_en__1a2ac39a1d.txt","","","","","","","","","","","","","","","monster-client-catalog.csv"
"2465","","7","data_mon_2465__lua_config_mon_en__00c98b820f.txt","","","","","","","","","","","","","","","monster-client-catalog.csv"
"2466","","7","data_mon_2466__lua_config_mon_en__c1d7205982.txt","","","","","","","","","","","","","","","monster-client-catalog.csv"
"2467","","7","data_mon_2467__lua_config_mon_en__d193150d2c.txt","","","","","","","","","","","","","","","monster-client-catalog.csv"
"2468","","7","data_mon_2468__lua_config_mon_en__c702c72166.txt","","","","","","","","","","","","","","","monster-client-catalog.csv"
"2469","","7","data_mon_2469__lua_config_mon_en__26fd5bf23b.txt","","","","","","","","","","","","","","","monster-client-catalog.csv"
"2470","","7","data_mon_2470__lua_config_mon_en__4fc6bf10b3.txt","","","","","","","","","","","","","","","monster-client-catalog.csv"
"2471","","7","data_mon_2471__lua_config_mon_en__89dfb5b512.txt","","","","","","","","","","","","","","","monster-client-catalog.csv"
"2472","","7","data_mon_2472__lua_config_mon_en__e662e9978e.txt","","","","","","","","","","","","","","","monster-client-catalog.csv"
"2473","","7","data_mon_2473__lua_config_mon_en__40eec94cd3.txt","","","","","","","","","","","","","","","monster-client-catalog.csv"
"2474","","7","data_mon_2474__lua_config_mon_en__f6553b2025.txt","","","","","","","","","","","","","","","monster-client-catalog.csv"
"2475","","7","data_mon_2475__lua_config_mon_en__9c26ea52ad.txt","","","","","","","","","","","","","","","monster-client-catalog.csv"
"2476","","7","data_mon_2476__lua_config_mon_en__2d29dca063.txt","","","","","","","","","","","","","","","monster-client-catalog.csv"
"2477","","7","data_mon_2477__lua_config_mon_en__f4ea7c4c82.txt","","","","","","","","","","","","","","","monster-client-catalog.csv"
"2478","","7","data_mon_2478__lua_config_mon_en__f341a0ec17.txt","","","","","","","","","","","","","","","monster-client-catalog.csv"
"2479","","7","data_mon_2479__lua_config_mon_en__3db9bdaa74.txt","","","","","","","","","","","","","","","monster-client-catalog.csv"
"2480","","7","data_mon_2480__lua_config_mon_en__e6fe2495d6.txt","","","","","","","","","","","","","","","monster-client-catalog.csv"
"2481","","7","data_mon_2481__lua_config_mon_en__d117e4c21f.txt","","","","","","","","","","","","","","","monster-client-catalog.csv"
"2482","","7","data_mon_2482__lua_config_mon_en__3fd266bfa1.txt","","","","","","","","","","","","","","","monster-client-catalog.csv"
"2483","","7","data_mon_2483__lua_config_mon_en__46e8d11638.txt","","","","","","","","","","","","","","","monster-client-catalog.csv"
"2484","","7","data_mon_2484__lua_config_mon_en__a7f5b00d7a.txt","","","","","","","","","","","","","","","monster-client-catalog.csv"
"2485","","7","data_mon_2485__lua_config_mon_en__f567b766dc.txt","","","","","","","","","","","","","","","monster-client-catalog.csv"
"2486","","7","data_mon_2486__lua_config_mon_en__ce816743ab.txt","","","","","","","","","","","","","","","monster-client-catalog.csv"
"2487","","7","data_mon_2487__lua_config_mon_en__950ba2c79b.txt","","","","","","","","","","","","","","","monster-client-catalog.csv"
"2488","","7","data_mon_2488__lua_config_mon_en__6b28897a15.txt","","","","","","","","","","","","","","","monster-client-catalog.csv"
"2489","","7","data_mon_2489__lua_config_mon_en__185af40fc5.txt","","","","","","","","","","","","","","","monster-client-catalog.csv"
"2490","","7","data_mon_2490__lua_config_mon_en__acef5f6a67.txt","","","","","","","","","","","","","","","monster-client-catalog.csv"
"2491","","7","data_mon_2491__lua_config_mon_en__d01dabef4d.txt","","","","","","","","","","","","","","","monster-client-catalog.csv"
"2492","","7","data_mon_2492__lua_config_mon_en__5678b9b867.txt","","","","","","","","","","","","","","","monster-client-catalog.csv"
"2493","","7","data_mon_2493__lua_config_mon_en__2ec339dd86.txt","","","","","","","","","","","","","","","monster-client-catalog.csv"
"2494","","7","data_mon_2494__lua_config_mon_en__a97aea7126.txt","","","","","","","","","","","","","","","monster-client-catalog.csv"
"2495","","7","data_mon_2495__lua_config_mon_en__7e0ad953b3.txt","","","","","","","","","","","","","","","monster-client-catalog.csv"
"2496","","7","data_mon_2496__lua_config_mon_en__0c656dd3f8.txt","","","","","","","","","","","","","","","monster-client-catalog.csv"
"2497","","7","data_mon_2497__lua_config_mon_en__487ac3280c.txt","","","","","","","","","","","","","","","monster-client-catalog.csv"
"2498","","7","data_mon_2498__lua_config_mon_en__26d5da32fc.txt","","","","","","","","","","","","","","","monster-client-catalog.csv"
"2499","","7","data_mon_2499__lua_config_mon_en__761d6e8d10.txt","","","","","","","","","","","","","","","monster-client-catalog.csv"
"3002","","/?","data_mon_3002__lua_config_mon_en__03fe3d2065.txt","","","","","","","","","","","","","","","monster-client-catalog.csv"
"3003","","/?","data_mon_3003__lua_config_mon_en__821723452b.txt","","","","","","","","","","","","","","","monster-client-catalog.csv"
"3005","","Tj","data_mon_3005__lua_config_mon_en__197fe51065.txt","","","","","","","","","","","","","","","monster-client-catalog.csv"
"3021","","2","data_mon_3021__lua_config_mon_en__5f2bce68dd.txt","","","","","","","","","","","","","","","monster-client-catalog.csv"
"3101","","4","data_mon_3101__lua_config_mon_en__1bc2645e69.txt","","","","","","","","","","","","","","","monster-client-catalog.csv"
"3121","","4","data_mon_3121__lua_config_mon_en__a763332d45.txt","","","","","","","","","","","","","","","monster-client-catalog.csv"
"3148","","1","data_mon_3148__lua_config_mon_en__f24fbd1494.txt","","","","","","","","","","","","","","","monster-client-catalog.csv"
"3156","","1","data_mon_3156__lua_config_mon_en__bc2e711d6a.txt","","","","","","","","","","","","","","","monster-client-catalog.csv"
"3166","","1","data_mon_3166__lua_config_mon_en__d975d4df6c.txt","","","","","","","","","","","","","","","monster-client-catalog.csv"
"3201","","R","data_mon_3201__lua_config_mon_en__203163bf20.txt","","","","","","","","","","","","","","","monster-client-catalog.csv"
"3250","","/?","data_mon_3250__lua_config_mon_en__d849c3df4d.txt","","","","","","","","","","","","","","","monster-client-catalog.csv"
"3251","","4","data_mon_3251__lua_config_mon_en__a6c0e5d2e4.txt","","","","","","","","","","","","","","","monster-client-catalog.csv"
"3345","","1","data_mon_3345__lua_config_mon_en__27c92dc806.txt","","","","","","","","","","","","","","","monster-client-catalog.csv"
"3551","","/?","data_mon_3551__lua_config_mon_en__e2d6a2ddae.txt","","","","","","","","","","","","","","","monster-client-catalog.csv"
"3552","","/?","data_mon_3552__lua_config_mon_en__73de043192.txt","","","","","","","","","","","","","","","monster-client-catalog.csv"
"3553","","/?","data_mon_3553__lua_config_mon_en__8a6c1bf38e.txt","","","","","","","","","","","","","","","monster-client-catalog.csv"
"3554","","/?","data_mon_3554__lua_config_mon_en__8bd521c364.txt","","","","","","","","","","","","","","","monster-client-catalog.csv"
"3570","","/?","data_mon_3570__lua_config_mon_en__a9d4bf9740.txt","","","","","","","","","","","","","","","monster-client-catalog.csv"
"3601","","#_b","data_mon_3601__lua_config_mon_en__36bc74f8f2.txt","","","","","","","","","","","","","","","monster-client-catalog.csv"
"3701","","T?","data_mon_3701__lua_config_mon_en__0bdf1d0860.txt","","","","","","","","","","","","","","","monster-client-catalog.csv"
"3731","","#_?","data_mon_3731__lua_config_mon_en__19f4795aa6.txt","","","","","","","","","","","","","","","monster-client-catalog.csv"
"3771","","D","data_mon_3771__lua_config_mon_en__ca0da9327d.txt","","","","","","","","","","","","","","","monster-client-catalog.csv"
"3772","","D","data_mon_3772__lua_config_mon_en__193f6923e4.txt","","","","","","","","","","","","","","","monster-client-catalog.csv"
"3773","","D","data_mon_3773__lua_config_mon_en__c17f0ad1ed.txt","","","","","","","","","","","","","","","monster-client-catalog.csv"
"3910","","/?","data_mon_3910__lua_config_mon_en__7d8f25b3e9.txt","","","","","","","","","","","","","","","monster-client-catalog.csv"
"3911","","/?","data_mon_3911__lua_config_mon_en__69462eca66.txt","","","","","","","","","","","","","","","monster-client-catalog.csv"
"3912","","/?","data_mon_3912__lua_config_mon_en__8f4c53ba1d.txt","","","","","","","","","","","","","","","monster-client-catalog.csv"
"3913","","5","data_mon_3913__lua_config_mon_en__b79d3246f4.txt","","","","","","","","","","","","","","","monster-client-catalog.csv"
"3920","","/?","data_mon_3920__lua_config_mon_en__4ec80a57c1.txt","","","","","","","","","","","","","","","monster-client-catalog.csv"
"3921","","5","data_mon_3921__lua_config_mon_en__024cb97ab7.txt","","","","","","","","","","","","","","","monster-client-catalog.csv"
"3931","","#_l","data_mon_3931__lua_config_mon_en__33ba99b619.txt","","","","","","","","","","","","","","","monster-client-catalog.csv"
"4201","","d","data_mon_4201__lua_config_mon_en__d6fd126dcf.txt","","","","","","","","","","","","","","","monster-client-catalog.csv"
"4202","","d","data_mon_4202__lua_config_mon_en__44b3d73f84.txt","","","","","","","","","","","","","","","monster-client-catalog.csv"
"4203","","d","data_mon_4203__lua_config_mon_en__8ca3f7de3d.txt","","","","","","","","","","","","","","","monster-client-catalog.csv"
"4204","","d","data_mon_4204__lua_config_mon_en__fb847d2df4.txt","","","","","","","","","","","","","","","monster-client-catalog.csv"
"4205","","d","data_mon_4205__lua_config_mon_en__0fdd653718.txt","","","","","","","","","","","","","","","monster-client-catalog.csv"
"4206","","d","data_mon_4206__lua_config_mon_en__c35b36ca84.txt","","","","","","","","","","","","","","","monster-client-catalog.csv"
"4207","","d","data_mon_4207__lua_config_mon_en__ea904e70f4.txt","","","","","","","","","","","","","","","monster-client-catalog.csv"
"4208","","d","data_mon_4208__lua_config_mon_en__b625d25d75.txt","","","","","","","","","","","","","","","monster-client-catalog.csv"
"4209","","d","data_mon_4209__lua_config_mon_en__fc7c4cb3ad.txt","","","","","","","","","","","","","","","monster-client-catalog.csv"
"4210","","d","data_mon_4210__lua_config_mon_en__2cba1a656e.txt","","","","","","","","","","","","","","","monster-client-catalog.csv"
"4211","","d","data_mon_4211__lua_config_mon_en__8b2863d7cf.txt","","","","","","","","","","","","","","","monster-client-catalog.csv"
"4212","","d","data_mon_4212__lua_config_mon_en__e1ad60d8a1.txt","","","","","","","","","","","","","","","monster-client-catalog.csv"
"4213","","d","data_mon_4213__lua_config_mon_en__855e4541af.txt","","","","","","","","","","","","","","","monster-client-catalog.csv"
"4214","","d","data_mon_4214__lua_config_mon_en__51ac10371a.txt","","","","","","","","","","","","","","","monster-client-catalog.csv"
"4215","","d","data_mon_4215__lua_config_mon_en__d4381689be.txt","","","","","","","","","","","","","","","monster-client-catalog.csv"
"4216","","d","data_mon_4216__lua_config_mon_en__59d6b9b87c.txt","","","","","","","","","","","","","","","monster-client-catalog.csv"
"4217","","d","data_mon_4217__lua_config_mon_en__8228eecc81.txt","","","","","","","","","","","","","","","monster-client-catalog.csv"
"4218","","d","data_mon_4218__lua_config_mon_en__0ddbeb297f.txt","","","","","","","","","","","","","","","monster-client-catalog.csv"
"4219","","d","data_mon_4219__lua_config_mon_en__8b2d4ce8a5.txt","","","","","","","","","","","","","","","monster-client-catalog.csv"
"4220","","d","data_mon_4220__lua_config_mon_en__d266c86ac3.txt","","","","","","","","","","","","","","","monster-client-catalog.csv"
"4221","","d","data_mon_4221__lua_config_mon_en__bfd2cff48d.txt","","","","","","","","","","","","","","","monster-client-catalog.csv"
"4222","","d","data_mon_4222__lua_config_mon_en__72d0787471.txt","","","","","","","","","","","","","","","monster-client-catalog.csv"
"4223","","d","data_mon_4223__lua_config_mon_en__3b498e5f7f.txt","","","","","","","","","","","","","","","monster-client-catalog.csv"
"4224","","d","data_mon_4224__lua_config_mon_en__d35272f727.txt","","","","","","","","","","","","","","","monster-client-catalog.csv"
"4225","","d","data_mon_4225__lua_config_mon_en__717ff2d902.txt","","","","","","","","","","","","","","","monster-client-catalog.csv"
"4226","","d","data_mon_4226__lua_config_mon_en__f800c55706.txt","","","","","","","","","","","","","","","monster-client-catalog.csv"
"4227","","d","data_mon_4227__lua_config_mon_en__cb410bd616.txt","","","","","","","","","","","","","","","monster-client-catalog.csv"
"4228","","d","data_mon_4228__lua_config_mon_en__b0537a8a50.txt","","","","","","","","","","","","","","","monster-client-catalog.csv"
"4229","","d","data_mon_4229__lua_config_mon_en__0c193179ed.txt","","","","","","","","","","","","","","","monster-client-catalog.csv"
"4230","","d","data_mon_4230__lua_config_mon_en__cd4dfd355d.txt","","","","","","","","","","","","","","","monster-client-catalog.csv"
"4231","","d","data_mon_4231__lua_config_mon_en__0864001e13.txt","","","","","","","","","","","","","","","monster-client-catalog.csv"
"4232","","d","data_mon_4232__lua_config_mon_en__5c6f11fe75.txt","","","","","","","","","","","","","","","monster-client-catalog.csv"
"4233","","d","data_mon_4233__lua_config_mon_en__dd8eba9758.txt","","","","","","","","","","","","","","","monster-client-catalog.csv"
"4234","","d","data_mon_4234__lua_config_mon_en__ad75c3c848.txt","","","","","","","","","","","","","","","monster-client-catalog.csv"
"4235","","d","data_mon_4235__lua_config_mon_en__5ced937cc4.txt","","","","","","","","","","","","","","","monster-client-catalog.csv"
"4236","","d","data_mon_4236__lua_config_mon_en__17928586c7.txt","","","","","","","","","","","","","","","monster-client-catalog.csv"
"4237","","d","data_mon_4237__lua_config_mon_en__e1af387608.txt","","","","","","","","","","","","","","","monster-client-catalog.csv"
"4238","","d","data_mon_4238__lua_config_mon_en__bfa17a7ece.txt","","","","","","","","","","","","","","","monster-client-catalog.csv"
"4239","","d","data_mon_4239__lua_config_mon_en__d5dd99344f.txt","","","","","","","","","","","","","","","monster-client-catalog.csv"
"4240","","d","data_mon_4240__lua_config_mon_en__54a9bbb146.txt","","","","","","","","","","","","","","","monster-client-catalog.csv"
"4241","","d","data_mon_4241__lua_config_mon_en__7ad3aec360.txt","","","","","","","","","","","","","","","monster-client-catalog.csv"
"4242","","d","data_mon_4242__lua_config_mon_en__8621e38dc2.txt","","","","","","","","","","","","","","","monster-client-catalog.csv"
"4243","","d","data_mon_4243__lua_config_mon_en__0b8b0f07d5.txt","","","","","","","","","","","","","","","monster-client-catalog.csv"
"4244","","d","data_mon_4244__lua_config_mon_en__32f3b3f0cc.txt","","","","","","","","","","","","","","","monster-client-catalog.csv"
"4245","","d","data_mon_4245__lua_config_mon_en__8b9f9f17c1.txt","","","","","","","","","","","","","","","monster-client-catalog.csv"
"4246","","d","data_mon_4246__lua_config_mon_en__99d635b95d.txt","","","","","","","","","","","","","","","monster-client-catalog.csv"
"4247","","d","data_mon_4247__lua_config_mon_en__5faa40371f.txt","","","","","","","","","","","","","","","monster-client-catalog.csv"
"4248","","d","data_mon_4248__lua_config_mon_en__5e5d6d6b89.txt","","","","","","","","","","","","","","","monster-client-catalog.csv"
"4249","","d","data_mon_4249__lua_config_mon_en__9acdeb91ca.txt","","","","","","","","","","","","","","","monster-client-catalog.csv"
"4250","","d","data_mon_4250__lua_config_mon_en__1f8ef1f668.txt","","","","","","","","","","","","","","","monster-client-catalog.csv"
"4251","","d","data_mon_4251__lua_config_mon_en__f38850581c.txt","","","","","","","","","","","","","","","monster-client-catalog.csv"
"4252","","d","data_mon_4252__lua_config_mon_en__efedd1dff7.txt","","","","","","","","","","","","","","","monster-client-catalog.csv"
"4253","","d","data_mon_4253__lua_config_mon_en__b2633f6295.txt","","","","","","","","","","","","","","","monster-client-catalog.csv"
"4254","","d","data_mon_4254__lua_config_mon_en__cb7f774da1.txt","","","","","","","","","","","","","","","monster-client-catalog.csv"
"4255","","d","data_mon_4255__lua_config_mon_en__5619464b8d.txt","","","","","","","","","","","","","","","monster-client-catalog.csv"
"4256","","d","data_mon_4256__lua_config_mon_en__fa540b11d0.txt","","","","","","","","","","","","","","","monster-client-catalog.csv"
"4257","","d","data_mon_4257__lua_config_mon_en__e0e9a88580.txt","","","","","","","","","","","","","","","monster-client-catalog.csv"
"4258","","d","data_mon_4258__lua_config_mon_en__22ad4915db.txt","","","","","","","","","","","","","","","monster-client-catalog.csv"
"4259","","d","data_mon_4259__lua_config_mon_en__4fccbbccb3.txt","","","","","","","","","","","","","","","monster-client-catalog.csv"
"4260","","d","data_mon_4260__lua_config_mon_en__5ddb36b57d.txt","","","","","","","","","","","","","","","monster-client-catalog.csv"
"4261","","d","data_mon_4261__lua_config_mon_en__dc033c45a4.txt","","","","","","","","","","","","","","","monster-client-catalog.csv"
"4262","","d","data_mon_4262__lua_config_mon_en__09b7745790.txt","","","","","","","","","","","","","","","monster-client-catalog.csv"
"4263","","d","data_mon_4263__lua_config_mon_en__579509d391.txt","","","","","","","","","","","","","","","monster-client-catalog.csv"
"4264","","d","data_mon_4264__lua_config_mon_en__9824f9e99d.txt","","","","","","","","","","","","","","","monster-client-catalog.csv"
"4265","","d","data_mon_4265__lua_config_mon_en__613ed9c279.txt","","","","","","","","","","","","","","","monster-client-catalog.csv"
"4266","","d","data_mon_4266__lua_config_mon_en__6de12a5bce.txt","","","","","","","","","","","","","","","monster-client-catalog.csv"
"4267","","d","data_mon_4267__lua_config_mon_en__830d6ce2c9.txt","","","","","","","","","","","","","","","monster-client-catalog.csv"
"4268","","d","data_mon_4268__lua_config_mon_en__e64eb0d86c.txt","","","","","","","","","","","","","","","monster-client-catalog.csv"
"4269","","d","data_mon_4269__lua_config_mon_en__afc1abd944.txt","","","","","","","","","","","","","","","monster-client-catalog.csv"
"4270","","d","data_mon_4270__lua_config_mon_en__528911d4f3.txt","","","","","","","","","","","","","","","monster-client-catalog.csv"
"4271","","d","data_mon_4271__lua_config_mon_en__787601875b.txt","","","","","","","","","","","","","","","monster-client-catalog.csv"
"4272","","d","data_mon_4272__lua_config_mon_en__1ff1ef51b0.txt","","","","","","","","","","","","","","","monster-client-catalog.csv"
"4273","","d","data_mon_4273__lua_config_mon_en__5889be8495.txt","","","","","","","","","","","","","","","monster-client-catalog.csv"
"4274","","d","data_mon_4274__lua_config_mon_en__d2bcc8b81a.txt","","","","","","","","","","","","","","","monster-client-catalog.csv"
"4275","","d","data_mon_4275__lua_config_mon_en__9946c31965.txt","","","","","","","","","","","","","","","monster-client-catalog.csv"
"4276","","d","data_mon_4276__lua_config_mon_en__635c93d167.txt","","","","","","","","","","","","","","","monster-client-catalog.csv"
"4277","","d","data_mon_4277__lua_config_mon_en__51be849fbb.txt","","","","","","","","","","","","","","","monster-client-catalog.csv"
"4278","","d","data_mon_4278__lua_config_mon_en__3acdb48c1a.txt","","","","","","","","","","","","","","","monster-client-catalog.csv"
"4279","","d","data_mon_4279__lua_config_mon_en__f57f1e1f8e.txt","","","","","","","","","","","","","","","monster-client-catalog.csv"
"4280","","d","data_mon_4280__lua_config_mon_en__2cdda8306f.txt","","","","","","","","","","","","","","","monster-client-catalog.csv"
"4281","","d","data_mon_4281__lua_config_mon_en__5fdcac3884.txt","","","","","","","","","","","","","","","monster-client-catalog.csv"
"4282","","d","data_mon_4282__lua_config_mon_en__cf67edd0bb.txt","","","","","","","","","","","","","","","monster-client-catalog.csv"
"4283","","d","data_mon_4283__lua_config_mon_en__f2ebb27a7a.txt","","","","","","","","","","","","","","","monster-client-catalog.csv"
"4284","","d","data_mon_4284__lua_config_mon_en__9fdb02cf9b.txt","","","","","","","","","","","","","","","monster-client-catalog.csv"
"4285","","d","data_mon_4285__lua_config_mon_en__6db73e58b5.txt","","","","","","","","","","","","","","","monster-client-catalog.csv"
"4286","","d","data_mon_4286__lua_config_mon_en__eab311d72b.txt","","","","","","","","","","","","","","","monster-client-catalog.csv"
"4287","","d","data_mon_4287__lua_config_mon_en__672707822b.txt","","","","","","","","","","","","","","","monster-client-catalog.csv"
"4288","","d","data_mon_4288__lua_config_mon_en__71c115e648.txt","","","","","","","","","","","","","","","monster-client-catalog.csv"
"4289","","d","data_mon_4289__lua_config_mon_en__bdba431494.txt","","","","","","","","","","","","","","","monster-client-catalog.csv"
"4290","","d","data_mon_4290__lua_config_mon_en__7126d16f9d.txt","","","","","","","","","","","","","","","monster-client-catalog.csv"
"4291","","d","data_mon_4291__lua_config_mon_en__52766b7ad4.txt","","","","","","","","","","","","","","","monster-client-catalog.csv"
"4292","","d","data_mon_4292__lua_config_mon_en__94f3571a37.txt","","","","","","","","","","","","","","","monster-client-catalog.csv"
"4293","","d","data_mon_4293__lua_config_mon_en__4e76ffb305.txt","","","","","","","","","","","","","","","monster-client-catalog.csv"
"4294","","d","data_mon_4294__lua_config_mon_en__1fcb1366a7.txt","","","","","","","","","","","","","","","monster-client-catalog.csv"
"4295","","d","data_mon_4295__lua_config_mon_en__3904bff087.txt","","","","","","","","","","","","","","","monster-client-catalog.csv"
"4296","","d","data_mon_4296__lua_config_mon_en__e2651a2fe1.txt","","","","","","","","","","","","","","","monster-client-catalog.csv"
"4297","","d","data_mon_4297__lua_config_mon_en__c4818d570f.txt","","","","","","","","","","","","","","","monster-client-catalog.csv"
"4298","","d","data_mon_4298__lua_config_mon_en__27ad7786e8.txt","","","","","","","","","","","","","","","monster-client-catalog.csv"
"4299","","d","data_mon_4299__lua_config_mon_en__cbd9c0408f.txt","","","","","","","","","","","","","","","monster-client-catalog.csv"
"4300","","d","data_mon_4300__lua_config_mon_en__a5e08348f2.txt","","","","","","","","","","","","","","","monster-client-catalog.csv"
"4701","","Y","data_mon_4701__lua_config_mon_en__bb325975a2.txt","","","","","","","","","","","","","","","monster-client-catalog.csv"
"4702","","Y","data_mon_4702__lua_config_mon_en__192675dec4.txt","","","","","","","","","","","","","","","monster-client-catalog.csv"
"4703","","Y","data_mon_4703__lua_config_mon_en__af7bb0acc7.txt","","","","","","","","","","","","","","","monster-client-catalog.csv"
"4704","","Y","data_mon_4704__lua_config_mon_en__7f9de9640e.txt","","","","","","","","","","","","","","","monster-client-catalog.csv"
"4705","","Y","data_mon_4705__lua_config_mon_en__8e51160a10.txt","","","","","","","","","","","","","","","monster-client-catalog.csv"
"4706","","I","data_mon_4706__lua_config_mon_en__b735435e7c.txt","","","","","","","","","","","","","","","monster-client-catalog.csv"
"4707","","I","data_mon_4707__lua_config_mon_en__09a2b52c91.txt","","","","","","","","","","","","","","","monster-client-catalog.csv"
"4708","","I","data_mon_4708__lua_config_mon_en__752be53acf.txt","","","","","","","","","","","","","","","monster-client-catalog.csv"
"4709","","I","data_mon_4709__lua_config_mon_en__c5bfd6736f.txt","","","","","","","","","","","","","","","monster-client-catalog.csv"
"4710","","I","data_mon_4710__lua_config_mon_en__e6044f1a00.txt","","","","","","","","","","","","","","","monster-client-catalog.csv"
"4711","","I","data_mon_4711__lua_config_mon_en__a9d9d9a4ae.txt","","","","","","","","","","","","","","","monster-client-catalog.csv"
"4712","","I","data_mon_4712__lua_config_mon_en__970675a967.txt","","","","","","","","","","","","","","","monster-client-catalog.csv"
"4713","","I","data_mon_4713__lua_config_mon_en__dc890bb08f.txt","","","","","","","","","","","","","","","monster-client-catalog.csv"
"4714","","I","data_mon_4714__lua_config_mon_en__7a2ba8b590.txt","","","","","","","","","","","","","","","monster-client-catalog.csv"
"4715","","I","data_mon_4715__lua_config_mon_en__9560340c41.txt","","","","","","","","","","","","","","","monster-client-catalog.csv"
"4716","","I","data_mon_4716__lua_config_mon_en__55d6f3feb3.txt","","","","","","","","","","","","","","","monster-client-catalog.csv"
"4717","","I","data_mon_4717__lua_config_mon_en__0a3ac88500.txt","","","","","","","","","","","","","","","monster-client-catalog.csv"
"4718","","I","data_mon_4718__lua_config_mon_en__a60db75333.txt","","","","","","","","","","","","","","","monster-client-catalog.csv"
"4719","","I","data_mon_4719__lua_config_mon_en__41efbb5304.txt","","","","","","","","","","","","","","","monster-client-catalog.csv"
"4720","","I","data_mon_4720__lua_config_mon_en__4593aa0e33.txt","","","","","","","","","","","","","","","monster-client-catalog.csv"
"4721","","I","data_mon_4721__lua_config_mon_en__c822a7ef85.txt","","","","","","","","","","","","","","","monster-client-catalog.csv"
"4722","","I","data_mon_4722__lua_config_mon_en__3af9241255.txt","","","","","","","","","","","","","","","monster-client-catalog.csv"
"4723","","I","data_mon_4723__lua_config_mon_en__5f1c792636.txt","","","","","","","","","","","","","","","monster-client-catalog.csv"
"4724","","I","data_mon_4724__lua_config_mon_en__b30af516f5.txt","","","","","","","","","","","","","","","monster-client-catalog.csv"
"4725","","I","data_mon_4725__lua_config_mon_en__ea77bb2765.txt","","","","","","","","","","","","","","","monster-client-catalog.csv"
"4726","","I","data_mon_4726__lua_config_mon_en__0a87e24dd3.txt","","","","","","","","","","","","","","","monster-client-catalog.csv"
"4727","","I","data_mon_4727__lua_config_mon_en__aab4363d2a.txt","","","","","","","","","","","","","","","monster-client-catalog.csv"
"4728","","I","data_mon_4728__lua_config_mon_en__4de3d54f4a.txt","","","","","","","","","","","","","","","monster-client-catalog.csv"
"4729","","I","data_mon_4729__lua_config_mon_en__83b2342941.txt","","","","","","","","","","","","","","","monster-client-catalog.csv"
"4730","","I","data_mon_4730__lua_config_mon_en__1f6390fe8b.txt","","","","","","","","","","","","","","","monster-client-catalog.csv"
"4731","","I","data_mon_4731__lua_config_mon_en__9789dd655e.txt","","","","","","","","","","","","","","","monster-client-catalog.csv"
"4732","","I","data_mon_4732__lua_config_mon_en__50cf94460f.txt","","","","","","","","","","","","","","","monster-client-catalog.csv"
"4733","","I","data_mon_4733__lua_config_mon_en__dfd82c18b9.txt","","","","","","","","","","","","","","","monster-client-catalog.csv"
"4734","","I","data_mon_4734__lua_config_mon_en__2abd18079c.txt","","","","","","","","","","","","","","","monster-client-catalog.csv"
"4735","","I","data_mon_4735__lua_config_mon_en__a8d232dd5a.txt","","","","","","","","","","","","","","","monster-client-catalog.csv"
"4736","","I","data_mon_4736__lua_config_mon_en__da6a2139c6.txt","","","","","","","","","","","","","","","monster-client-catalog.csv"
"4737","","I","data_mon_4737__lua_config_mon_en__283b9fbe81.txt","","","","","","","","","","","","","","","monster-client-catalog.csv"
"4738","","I","data_mon_4738__lua_config_mon_en__46b1cb19db.txt","","","","","","","","","","","","","","","monster-client-catalog.csv"
"4739","","I","data_mon_4739__lua_config_mon_en__569c9babf3.txt","","","","","","","","","","","","","","","monster-client-catalog.csv"
"4740","","I","data_mon_4740__lua_config_mon_en__490057357a.txt","","","","","","","","","","","","","","","monster-client-catalog.csv"
"4741","","I","data_mon_4741__lua_config_mon_en__f4f5f9e4b0.txt","","","","","","","","","","","","","","","monster-client-catalog.csv"
"4742","","I","data_mon_4742__lua_config_mon_en__3964cf0b54.txt","","","","","","","","","","","","","","","monster-client-catalog.csv"
"4743","","I","data_mon_4743__lua_config_mon_en__656eda45f2.txt","","","","","","","","","","","","","","","monster-client-catalog.csv"
"4744","","I","data_mon_4744__lua_config_mon_en__b04e974782.txt","","","","","","","","","","","","","","","monster-client-catalog.csv"
"4745","","I","data_mon_4745__lua_config_mon_en__886bf091e9.txt","","","","","","","","","","","","","","","monster-client-catalog.csv"
"4746","","I","data_mon_4746__lua_config_mon_en__1bcaacfccf.txt","","","","","","","","","","","","","","","monster-client-catalog.csv"
"4747","","I","data_mon_4747__lua_config_mon_en__257c02d200.txt","","","","","","","","","","","","","","","monster-client-catalog.csv"
"4748","","I","data_mon_4748__lua_config_mon_en__9c16a2e6b1.txt","","","","","","","","","","","","","","","monster-client-catalog.csv"
"4749","","I","data_mon_4749__lua_config_mon_en__820172dec5.txt","","","","","","","","","","","","","","","monster-client-catalog.csv"
"4750","","I","data_mon_4750__lua_config_mon_en__8326e3996b.txt","","","","","","","","","","","","","","","monster-client-catalog.csv"
"4751","","I","data_mon_4751__lua_config_mon_en__6a4bb4b851.txt","","","","","","","","","","","","","","","monster-client-catalog.csv"
"4752","","I","data_mon_4752__lua_config_mon_en__c2a0265c31.txt","","","","","","","","","","","","","","","monster-client-catalog.csv"
"4753","","I","data_mon_4753__lua_config_mon_en__c5da17ee9c.txt","","","","","","","","","","","","","","","monster-client-catalog.csv"
"4754","","I","data_mon_4754__lua_config_mon_en__b8bbca1be7.txt","","","","","","","","","","","","","","","monster-client-catalog.csv"
"4755","","I","data_mon_4755__lua_config_mon_en__69b75af090.txt","","","","","","","","","","","","","","","monster-client-catalog.csv"
"4756","","I","data_mon_4756__lua_config_mon_en__f5910dab7a.txt","","","","","","","","","","","","","","","monster-client-catalog.csv"
"4757","","I","data_mon_4757__lua_config_mon_en__13774dab24.txt","","","","","","","","","","","","","","","monster-client-catalog.csv"
"4758","","I","data_mon_4758__lua_config_mon_en__5a8cb16671.txt","","","","","","","","","","","","","","","monster-client-catalog.csv"
"4759","","I","data_mon_4759__lua_config_mon_en__e85585b1df.txt","","","","","","","","","","","","","","","monster-client-catalog.csv"
"4760","","I","data_mon_4760__lua_config_mon_en__c29e53439a.txt","","","","","","","","","","","","","","","monster-client-catalog.csv"
"4761","","I","data_mon_4761__lua_config_mon_en__4fe26ef719.txt","","","","","","","","","","","","","","","monster-client-catalog.csv"
"4762","","I","data_mon_4762__lua_config_mon_en__2bbbc75a51.txt","","","","","","","","","","","","","","","monster-client-catalog.csv"
"4763","","I","data_mon_4763__lua_config_mon_en__af80051a8c.txt","","","","","","","","","","","","","","","monster-client-catalog.csv"
"4764","","I","data_mon_4764__lua_config_mon_en__0a83af0294.txt","","","","","","","","","","","","","","","monster-client-catalog.csv"
"4765","","I","data_mon_4765__lua_config_mon_en__43752edd30.txt","","","","","","","","","","","","","","","monster-client-catalog.csv"
"4766","","I","data_mon_4766__lua_config_mon_en__ae08c3911a.txt","","","","","","","","","","","","","","","monster-client-catalog.csv"
"4767","","I","data_mon_4767__lua_config_mon_en__513e0e9853.txt","","","","","","","","","","","","","","","monster-client-catalog.csv"
"4768","","I","data_mon_4768__lua_config_mon_en__990e1c728d.txt","","","","","","","","","","","","","","","monster-client-catalog.csv"
"4769","","I","data_mon_4769__lua_config_mon_en__747eb0b069.txt","","","","","","","","","","","","","","","monster-client-catalog.csv"
"4770","","I","data_mon_4770__lua_config_mon_en__3015baccdd.txt","","","","","","","","","","","","","","","monster-client-catalog.csv"
"4771","","I","data_mon_4771__lua_config_mon_en__b1e2d6bc29.txt","","","","","","","","","","","","","","","monster-client-catalog.csv"
"4772","","I","data_mon_4772__lua_config_mon_en__051dcead7e.txt","","","","","","","","","","","","","","","monster-client-catalog.csv"
"4773","","I","data_mon_4773__lua_config_mon_en__147e9c3daa.txt","","","","","","","","","","","","","","","monster-client-catalog.csv"
"4774","","I","data_mon_4774__lua_config_mon_en__3b7c92cbce.txt","","","","","","","","","","","","","","","monster-client-catalog.csv"
"4775","","I","data_mon_4775__lua_config_mon_en__40785315d1.txt","","","","","","","","","","","","","","","monster-client-catalog.csv"
"4776","","I","data_mon_4776__lua_config_mon_en__6fafbe21ba.txt","","","","","","","","","","","","","","","monster-client-catalog.csv"
"4777","","I","data_mon_4777__lua_config_mon_en__3dfabcff11.txt","","","","","","","","","","","","","","","monster-client-catalog.csv"
"4778","","I","data_mon_4778__lua_config_mon_en__cc4194d269.txt","","","","","","","","","","","","","","","monster-client-catalog.csv"
"4779","","I","data_mon_4779__lua_config_mon_en__c6861a7dcc.txt","","","","","","","","","","","","","","","monster-client-catalog.csv"
"4780","","I","data_mon_4780__lua_config_mon_en__296062df2b.txt","","","","","","","","","","","","","","","monster-client-catalog.csv"
"4781","","I","data_mon_4781__lua_config_mon_en__e01a6b434e.txt","","","","","","","","","","","","","","","monster-client-catalog.csv"
"4782","","I","data_mon_4782__lua_config_mon_en__ef36c960b3.txt","","","","","","","","","","","","","","","monster-client-catalog.csv"
"4783","","I","data_mon_4783__lua_config_mon_en__1454f28189.txt","","","","","","","","","","","","","","","monster-client-catalog.csv"
"4784","","I","data_mon_4784__lua_config_mon_en__80e11f8b60.txt","","","","","","","","","","","","","","","monster-client-catalog.csv"
"4785","","I","data_mon_4785__lua_config_mon_en__568ea7c2c2.txt","","","","","","","","","","","","","","","monster-client-catalog.csv"
"4786","","I","data_mon_4786__lua_config_mon_en__97232dad4d.txt","","","","","","","","","","","","","","","monster-client-catalog.csv"
"4787","","I","data_mon_4787__lua_config_mon_en__01da8d3362.txt","","","","","","","","","","","","","","","monster-client-catalog.csv"
"4788","","I","data_mon_4788__lua_config_mon_en__929d9ba389.txt","","","","","","","","","","","","","","","monster-client-catalog.csv"
"4789","","I","data_mon_4789__lua_config_mon_en__c663033383.txt","","","","","","","","","","","","","","","monster-client-catalog.csv"
"4790","","I","data_mon_4790__lua_config_mon_en__2fd01719d0.txt","","","","","","","","","","","","","","","monster-client-catalog.csv"
"4791","","I","data_mon_4791__lua_config_mon_en__08518ec621.txt","","","","","","","","","","","","","","","monster-client-catalog.csv"
"4792","","I","data_mon_4792__lua_config_mon_en__8a5482d70f.txt","","","","","","","","","","","","","","","monster-client-catalog.csv"
"4793","","I","data_mon_4793__lua_config_mon_en__e4bdebad2c.txt","","","","","","","","","","","","","","","monster-client-catalog.csv"
"4794","","I","data_mon_4794__lua_config_mon_en__813da1ba56.txt","","","","","","","","","","","","","","","monster-client-catalog.csv"
"4795","","I","data_mon_4795__lua_config_mon_en__9fa3f5b706.txt","","","","","","","","","","","","","","","monster-client-catalog.csv"
"4796","","I","data_mon_4796__lua_config_mon_en__7ca909ccf2.txt","","","","","","","","","","","","","","","monster-client-catalog.csv"
"4797","","I","data_mon_4797__lua_config_mon_en__a633125a33.txt","","","","","","","","","","","","","","","monster-client-catalog.csv"
"4798","","I","data_mon_4798__lua_config_mon_en__95beebcd4d.txt","","","","","","","","","","","","","","","monster-client-catalog.csv"
"4799","","I","data_mon_4799__lua_config_mon_en__9c8b8a09ad.txt","","","","","","","","","","","","","","","monster-client-catalog.csv"
"4800","","I","data_mon_4800__lua_config_mon_en__143708e2e2.txt","","","","","","","","","","","","","","","monster-client-catalog.csv"
"5001","","/?","data_mon_5001__lua_config_mon_en__2c86d6d68c.txt","","","","","","","","","","","","","","","monster-client-catalog.csv"
"5401","","G","data_mon_5401__lua_config_mon_en__ca4f0afa4e.txt","","","","","","","","","","","","","","","monster-client-catalog.csv"
"5500","",";","data_mon_5500__lua_config_mon_en__33a597dc5a.txt","","","","","","","","","","","","","","","monster-client-catalog.csv"
"5501","",";","data_mon_5501__lua_config_mon_en__e37d2b7590.txt","","","","","","","","","","","","","","","monster-client-catalog.csv"
"5510","","r","data_mon_5510__lua_config_mon_en__a63d4cce41.txt","","","","","","","","","","","","","","","monster-client-catalog.csv"
"5530","","6P","data_mon_5530__lua_config_mon_en__ed01088cc5.txt","","","","","","","","","","","","","","","monster-client-catalog.csv"
"5600","","Tj","data_mon_5600__lua_config_mon_en__d2673f2e57.txt","","","","","","","","","","","","","","","monster-client-catalog.csv"
"5601","","K","data_mon_5601__lua_config_mon_en__50ace9285d.txt","","","","","","","","","","","","","","","monster-client-catalog.csv"
"5602","","7","data_mon_5602__lua_config_mon_en__1a2b7d3f1f.txt","","","","","","","","","","","","","","","monster-client-catalog.csv"
"5603","","7","data_mon_5603__lua_config_mon_en__1e204b891c.txt","","","","","","","","","","","","","","","monster-client-catalog.csv"
"5604","","7","data_mon_5604__lua_config_mon_en__ec761de986.txt","","","","","","","","","","","","","","","monster-client-catalog.csv"
"5605","","7","data_mon_5605__lua_config_mon_en__b972324aee.txt","","","","","","","","","","","","","","","monster-client-catalog.csv"
"5606","","7","data_mon_5606__lua_config_mon_en__bc490b65d3.txt","","","","","","","","","","","","","","","monster-client-catalog.csv"
"5607","","7","data_mon_5607__lua_config_mon_en__be7097f605.txt","","","","","","","","","","","","","","","monster-client-catalog.csv"
"5608","","7","data_mon_5608__lua_config_mon_en__adc9d21e60.txt","","","","","","","","","","","","","","","monster-client-catalog.csv"
"5609","","7","data_mon_5609__lua_config_mon_en__52aa912ace.txt","","","","","","","","","","","","","","","monster-client-catalog.csv"
"5610","","7","data_mon_5610__lua_config_mon_en__46cdd7ecc6.txt","","","","","","","","","","","","","","","monster-client-catalog.csv"
"5611","","7","data_mon_5611__lua_config_mon_en__452785920d.txt","","","","","","","","","","","","","","","monster-client-catalog.csv"
"5612","","7","data_mon_5612__lua_config_mon_en__53a372eae9.txt","","","","","","","","","","","","","","","monster-client-catalog.csv"
"5613","","7","data_mon_5613__lua_config_mon_en__92933a74a7.txt","","","","","","","","","","","","","","","monster-client-catalog.csv"
"5614","","7","data_mon_5614__lua_config_mon_en__16d8b2b4e6.txt","","","","","","","","","","","","","","","monster-client-catalog.csv"
"5615","","7","data_mon_5615__lua_config_mon_en__6bebf008ba.txt","","","","","","","","","","","","","","","monster-client-catalog.csv"
"5616","","7","data_mon_5616__lua_config_mon_en__f82fc22a63.txt","","","","","","","","","","","","","","","monster-client-catalog.csv"
"5617","","7","data_mon_5617__lua_config_mon_en__21f9831bb3.txt","","","","","","","","","","","","","","","monster-client-catalog.csv"
"5618","","7","data_mon_5618__lua_config_mon_en__c892cbe13e.txt","","","","","","","","","","","","","","","monster-client-catalog.csv"
"5801","","t","data_mon_5801__lua_config_mon_en__34e082e7be.txt","","","","","","","","","","","","","","","monster-client-catalog.csv"
"5802","","t","data_mon_5802__lua_config_mon_en__f402f20519.txt","","","","","","","","","","","","","","","monster-client-catalog.csv"
"5803","","t","data_mon_5803__lua_config_mon_en__eb08a97390.txt","","","","","","","","","","","","","","","monster-client-catalog.csv"
"5804","","t","data_mon_5804__lua_config_mon_en__24701bf606.txt","","","","","","","","","","","","","","","monster-client-catalog.csv"
"5805","","t","data_mon_5805__lua_config_mon_en__ac1d0bbaad.txt","","","","","","","","","","","","","","","monster-client-catalog.csv"
"5806","","t","data_mon_5806__lua_config_mon_en__74fc317ada.txt","","","","","","","","","","","","","","","monster-client-catalog.csv"
"5807","","t","data_mon_5807__lua_config_mon_en__83cc78cb64.txt","","","","","","","","","","","","","","","monster-client-catalog.csv"
"5808","","t","data_mon_5808__lua_config_mon_en__015866621b.txt","","","","","","","","","","","","","","","monster-client-catalog.csv"
"5809","","t","data_mon_5809__lua_config_mon_en__5fe0100dbc.txt","","","","","","","","","","","","","","","monster-client-catalog.csv"
"5810","","t","data_mon_5810__lua_config_mon_en__51ee99d00f.txt","","","","","","","","","","","","","","","monster-client-catalog.csv"
"5811","","t","data_mon_5811__lua_config_mon_en__3f61867030.txt","","","","","","","","","","","","","","","monster-client-catalog.csv"
"5812","","t","data_mon_5812__lua_config_mon_en__58633eb685.txt","","","","","","","","","","","","","","","monster-client-catalog.csv"
"5813","","t","data_mon_5813__lua_config_mon_en__d087416e3a.txt","","","","","","","","","","","","","","","monster-client-catalog.csv"
"5814","","t","data_mon_5814__lua_config_mon_en__f4f2230aaf.txt","","","","","","","","","","","","","","","monster-client-catalog.csv"
"5815","","t","data_mon_5815__lua_config_mon_en__1d5d3573b6.txt","","","","","","","","","","","","","","","monster-client-catalog.csv"
"5816","","t","data_mon_5816__lua_config_mon_en__2e7fdae7e3.txt","","","","","","","","","","","","","","","monster-client-catalog.csv"
"5817","","t","data_mon_5817__lua_config_mon_en__283c9da3e8.txt","","","","","","","","","","","","","","","monster-client-catalog.csv"
"5818","","t","data_mon_5818__lua_config_mon_en__84af085313.txt","","","","","","","","","","","","","","","monster-client-catalog.csv"
"5901","","Q","data_mon_5901__lua_config_mon_en__183660f55d.txt","","","","","","","","","","","","","","","monster-client-catalog.csv"
"5902","","Q","data_mon_5902__lua_config_mon_en__cd73deb7af.txt","","","","","","","","","","","","","","","monster-client-catalog.csv"
"6000","",".","data_mon_6000__lua_config_mon_en__0ce3f6fe92.txt","","","","","","","","","","","","","","","monster-client-catalog.csv"
"6001","",".","data_mon_6001__lua_config_mon_en__b0b0c7db15.txt","","","","","","","","","","","","","","","monster-client-catalog.csv"
"6002","","7","data_mon_6002__lua_config_mon_en__982e58e1bd.txt","","","","","","","","","","","","","","","monster-client-catalog.csv"
"6003","","7","data_mon_6003__lua_config_mon_en__be2653cfe7.txt","","","","","","","","","","","","","","","monster-client-catalog.csv"
"6004","","7","data_mon_6004__lua_config_mon_en__bc51562472.txt","","","","","","","","","","","","","","","monster-client-catalog.csv"
"6005","","7","data_mon_6005__lua_config_mon_en__db7fb4a5d5.txt","","","","","","","","","","","","","","","monster-client-catalog.csv"
"6006","","7","data_mon_6006__lua_config_mon_en__ec50dd2ee2.txt","","","","","","","","","","","","","","","monster-client-catalog.csv"
"6007","","7","data_mon_6007__lua_config_mon_en__252f971a44.txt","","","","","","","","","","","","","","","monster-client-catalog.csv"
"6008","","7","data_mon_6008__lua_config_mon_en__bb491f9ad3.txt","","","","","","","","","","","","","","","monster-client-catalog.csv"
"6009","","7","data_mon_6009__lua_config_mon_en__3e3d09841f.txt","","","","","","","","","","","","","","","monster-client-catalog.csv"
"6010","","7","data_mon_6010__lua_config_mon_en__bf57fd3e26.txt","","","","","","","","","","","","","","","monster-client-catalog.csv"
"6011","","7","data_mon_6011__lua_config_mon_en__dd788cb9d0.txt","","","","","","","","","","","","","","","monster-client-catalog.csv"
"6012","","7","data_mon_6012__lua_config_mon_en__a9e8911b5d.txt","","","","","","","","","","","","","","","monster-client-catalog.csv"
"6013","","7","data_mon_6013__lua_config_mon_en__20dac3720c.txt","","","","","","","","","","","","","","","monster-client-catalog.csv"
"6014","","7","data_mon_6014__lua_config_mon_en__ba2103dfd2.txt","","","","","","","","","","","","","","","monster-client-catalog.csv"
"6015","","7","data_mon_6015__lua_config_mon_en__4160410ab0.txt","","","","","","","","","","","","","","","monster-client-catalog.csv"
"6016","","7","data_mon_6016__lua_config_mon_en__87dc58cbc4.txt","","","","","","","","","","","","","","","monster-client-catalog.csv"
"6017","","7","data_mon_6017__lua_config_mon_en__bb47cffe46.txt","","","","","","","","","","","","","","","monster-client-catalog.csv"
"6018","","7","data_mon_6018__lua_config_mon_en__72f91c891a.txt","","","","","","","","","","","","","","","monster-client-catalog.csv"
"6019","","7","data_mon_6019__lua_config_mon_en__4e1e9ea482.txt","","","","","","","","","","","","","","","monster-client-catalog.csv"
"6020","","7","data_mon_6020__lua_config_mon_en__59e9b31c48.txt","","","","","","","","","","","","","","","monster-client-catalog.csv"
"6100","","5","data_mon_6100__lua_config_mon_en__ee3de7a63e.txt","","","","","","","","","","","","","","","monster-client-catalog.csv"
"6101","","Td","data_mon_6101__lua_config_mon_en__ac6d61334a.txt","","","","","","","","","","","","","","","monster-client-catalog.csv"
"6102","","A","data_mon_6102__lua_config_mon_en__5ff371d31b.txt","","","","","","","","","","","","","","","monster-client-catalog.csv"
"6103","","A","data_mon_6103__lua_config_mon_en__69e3fd9b6d.txt","","","","","","","","","","","","","","","monster-client-catalog.csv"
"6104","","A","data_mon_6104__lua_config_mon_en__07a8208f7e.txt","","","","","","","","","","","","","","","monster-client-catalog.csv"
"6105","","A","data_mon_6105__lua_config_mon_en__30b7b3262f.txt","","","","","","","","","","","","","","","monster-client-catalog.csv"
"6106","","A","data_mon_6106__lua_config_mon_en__93ea08b19c.txt","","","","","","","","","","","","","","","monster-client-catalog.csv"
"6107","","A","data_mon_6107__lua_config_mon_en__b6917cd576.txt","","","","","","","","","","","","","","","monster-client-catalog.csv"
"6108","","A","data_mon_6108__lua_config_mon_en__dc9832703e.txt","","","","","","","","","","","","","","","monster-client-catalog.csv"
"6109","","A","data_mon_6109__lua_config_mon_en__c6a41e3739.txt","","","","","","","","","","","","","","","monster-client-catalog.csv"
"6110","","A","data_mon_6110__lua_config_mon_en__14bf4ff92d.txt","","","","","","","","","","","","","","","monster-client-catalog.csv"
"6111","","A","data_mon_6111__lua_config_mon_en__4fbc3aeb29.txt","","","","","","","","","","","","","","","monster-client-catalog.csv"
"6112","","A","data_mon_6112__lua_config_mon_en__fa8817b2b1.txt","","","","","","","","","","","","","","","monster-client-catalog.csv"
"6113","","A","data_mon_6113__lua_config_mon_en__e11ddfe27e.txt","","","","","","","","","","","","","","","monster-client-catalog.csv"
"6114","","A","data_mon_6114__lua_config_mon_en__797974b008.txt","","","","","","","","","","","","","","","monster-client-catalog.csv"
"6115","","A","data_mon_6115__lua_config_mon_en__69597dbbee.txt","","","","","","","","","","","","","","","monster-client-catalog.csv"
"6116","","A","data_mon_6116__lua_config_mon_en__3f9be3fff2.txt","","","","","","","","","","","","","","","monster-client-catalog.csv"
"6117","","A","data_mon_6117__lua_config_mon_en__e37971877a.txt","","","","","","","","","","","","","","","monster-client-catalog.csv"
"6118","","2","data_mon_6118__lua_config_mon_en__e0e983c50a.txt","","","","","","","","","","","","","","","monster-client-catalog.csv"
"6119","","2","data_mon_6119__lua_config_mon_en__94a898f8c3.txt","","","","","","","","","","","","","","","monster-client-catalog.csv"
"6211","","/?","data_mon_6211__lua_config_mon_en__612b1dcedf.txt","","","","","","","","","","","","","","","monster-client-catalog.csv"
"6212","","/?","data_mon_6212__lua_config_mon_en__58cf95e693.txt","","","","","","","","","","","","","","","monster-client-catalog.csv"
"6213","","/?","data_mon_6213__lua_config_mon_en__b90316ae21.txt","","","","","","","","","","","","","","","monster-client-catalog.csv"
"6214","","/?","data_mon_6214__lua_config_mon_en__6d8fb9c8f0.txt","","","","","","","","","","","","","","","monster-client-catalog.csv"
"6215","","/?","data_mon_6215__lua_config_mon_en__d224d56289.txt","","","","","","","","","","","","","","","monster-client-catalog.csv"
"6216","","/?","data_mon_6216__lua_config_mon_en__1cddb317b6.txt","","","","","","","","","","","","","","","monster-client-catalog.csv"
"6217","","/?","data_mon_6217__lua_config_mon_en__fa221f9cb3.txt","","","","","","","","","","","","","","","monster-client-catalog.csv"
"6218","","/?","data_mon_6218__lua_config_mon_en__8d0a9981db.txt","","","","","","","","","","","","","","","monster-client-catalog.csv"
"6219","","/?","data_mon_6219__lua_config_mon_en__8b26534075.txt","","","","","","","","","","","","","","","monster-client-catalog.csv"
"6220","","/?","data_mon_6220__lua_config_mon_en__a200cc7c6f.txt","","","","","","","","","","","","","","","monster-client-catalog.csv"
"6221","","/?","data_mon_6221__lua_config_mon_en__2785071064.txt","","","","","","","","","","","","","","","monster-client-catalog.csv"
"6222","","/?","data_mon_6222__lua_config_mon_en__90ce24a5e5.txt","","","","","","","","","","","","","","","monster-client-catalog.csv"
"6223","","/?","data_mon_6223__lua_config_mon_en__c33a565a50.txt","","","","","","","","","","","","","","","monster-client-catalog.csv"
"6224","","/?","data_mon_6224__lua_config_mon_en__87b29847ed.txt","","","","","","","","","","","","","","","monster-client-catalog.csv"
"6225","","/?","data_mon_6225__lua_config_mon_en__df5268b4a1.txt","","","","","","","","","","","","","","","monster-client-catalog.csv"
"6226","","/?","data_mon_6226__lua_config_mon_en__ad3667fda6.txt","","","","","","","","","","","","","","","monster-client-catalog.csv"
"6227","","/?","data_mon_6227__lua_config_mon_en__3c6971e1bd.txt","","","","","","","","","","","","","","","monster-client-catalog.csv"
"6228","","/?","data_mon_6228__lua_config_mon_en__609edecf38.txt","","","","","","","","","","","","","","","monster-client-catalog.csv"
"6229","","/?","data_mon_6229__lua_config_mon_en__71d5a3d3b0.txt","","","","","","","","","","","","","","","monster-client-catalog.csv"
"6230","","/?","data_mon_6230__lua_config_mon_en__402acfb371.txt","","","","","","","","","","","","","","","monster-client-catalog.csv"
"6231","","/?","data_mon_6231__lua_config_mon_en__1d0958ee16.txt","","","","","","","","","","","","","","","monster-client-catalog.csv"
"6232","","/?","data_mon_6232__lua_config_mon_en__cc9c64a56b.txt","","","","","","","","","","","","","","","monster-client-catalog.csv"
"6233","","/?","data_mon_6233__lua_config_mon_en__45bda686ea.txt","","","","","","","","","","","","","","","monster-client-catalog.csv"
"6234","","/?","data_mon_6234__lua_config_mon_en__292c4f4bfd.txt","","","","","","","","","","","","","","","monster-client-catalog.csv"
"6235","","/?","data_mon_6235__lua_config_mon_en__631e582fa6.txt","","","","","","","","","","","","","","","monster-client-catalog.csv"
"6236","","/?","data_mon_6236__lua_config_mon_en__b6ad4fb16b.txt","","","","","","","","","","","","","","","monster-client-catalog.csv"
"6237","","/?","data_mon_6237__lua_config_mon_en__19d9fb0ca5.txt","","","","","","","","","","","","","","","monster-client-catalog.csv"
"6238","","/?","data_mon_6238__lua_config_mon_en__352f8d11bb.txt","","","","","","","","","","","","","","","monster-client-catalog.csv"
"6239","","/?","data_mon_6239__lua_config_mon_en__ebded8a7d5.txt","","","","","","","","","","","","","","","monster-client-catalog.csv"
"6240","","/?","data_mon_6240__lua_config_mon_en__9382c1a930.txt","","","","","","","","","","","","","","","monster-client-catalog.csv"
"6311","","/?","data_mon_6311__lua_config_mon_en__82c34d957b.txt","","","","","","","","","","","","","","","monster-client-catalog.csv"
"6312","","/?","data_mon_6312__lua_config_mon_en__75ebca87ea.txt","","","","","","","","","","","","","","","monster-client-catalog.csv"
"6313","","/?","data_mon_6313__lua_config_mon_en__50d4c229bf.txt","","","","","","","","","","","","","","","monster-client-catalog.csv"
"6314","","/?","data_mon_6314__lua_config_mon_en__589e647f61.txt","","","","","","","","","","","","","","","monster-client-catalog.csv"
"6315","","/?","data_mon_6315__lua_config_mon_en__6c7035a848.txt","","","","","","","","","","","","","","","monster-client-catalog.csv"
"6316","","/?","data_mon_6316__lua_config_mon_en__3882546d25.txt","","","","","","","","","","","","","","","monster-client-catalog.csv"
"6317","","/?","data_mon_6317__lua_config_mon_en__aaba83ee61.txt","","","","","","","","","","","","","","","monster-client-catalog.csv"
"6318","","/?","data_mon_6318__lua_config_mon_en__02668c583c.txt","","","","","","","","","","","","","","","monster-client-catalog.csv"
"6319","","/?","data_mon_6319__lua_config_mon_en__a0023a9016.txt","","","","","","","","","","","","","","","monster-client-catalog.csv"
"6320","","/?","data_mon_6320__lua_config_mon_en__e237fef576.txt","","","","","","","","","","","","","","","monster-client-catalog.csv"
"6321","","/?","data_mon_6321__lua_config_mon_en__8ac0b31d98.txt","","","","","","","","","","","","","","","monster-client-catalog.csv"
"6322","","/?","data_mon_6322__lua_config_mon_en__54218c2f56.txt","","","","","","","","","","","","","","","monster-client-catalog.csv"
"6323","","/?","data_mon_6323__lua_config_mon_en__43710e7d6e.txt","","","","","","","","","","","","","","","monster-client-catalog.csv"
"6324","","/?","data_mon_6324__lua_config_mon_en__414d05886b.txt","","","","","","","","","","","","","","","monster-client-catalog.csv"
"6325","","/?","data_mon_6325__lua_config_mon_en__ed5ac6525c.txt","","","","","","","","","","","","","","","monster-client-catalog.csv"
"6326","","/?","data_mon_6326__lua_config_mon_en__6bc8a7b2cd.txt","","","","","","","","","","","","","","","monster-client-catalog.csv"
"6327","","/?","data_mon_6327__lua_config_mon_en__e88d76ebdd.txt","","","","","","","","","","","","","","","monster-client-catalog.csv"
"6328","","/?","data_mon_6328__lua_config_mon_en__15abf9016b.txt","","","","","","","","","","","","","","","monster-client-catalog.csv"
"6329","","/?","data_mon_6329__lua_config_mon_en__4f08693675.txt","","","","","","","","","","","","","","","monster-client-catalog.csv"
"6330","","/?","data_mon_6330__lua_config_mon_en__dc93c73ea2.txt","","","","","","","","","","","","","","","monster-client-catalog.csv"
"6401","","1","data_mon_6401__lua_config_mon_en__32a9a2b769.txt","","","","","","","","","","","","","","","monster-client-catalog.csv"
"6402","","1","data_mon_6402__lua_config_mon_en__f17810459d.txt","","","","","","","","","","","","","","","monster-client-catalog.csv"
"6403","","5","data_mon_6403__lua_config_mon_en__647dff279b.txt","","","","","","","","","","","","","","","monster-client-catalog.csv"
"6404","","3","data_mon_6404__lua_config_mon_en__6a0999d786.txt","","","","","","","","","","","","","","","monster-client-catalog.csv"
"6421","","5","data_mon_6421__lua_config_mon_en__04b754f5dc.txt","","","","","","","","","","","","","","","monster-client-catalog.csv"
"6422","","5","data_mon_6422__lua_config_mon_en__f2b8367b24.txt","","","","","","","","","","","","","","","monster-client-catalog.csv"
"6423","","5","data_mon_6423__lua_config_mon_en__c541753cac.txt","","","","","","","","","","","","","","","monster-client-catalog.csv"
"6424","","5","data_mon_6424__lua_config_mon_en__54002e10c2.txt","","","","","","","","","","","","","","","monster-client-catalog.csv"
"6425","","5","data_mon_6425__lua_config_mon_en__b2e191a2f0.txt","","","","","","","","","","","","","","","monster-client-catalog.csv"
"6426","","5","data_mon_6426__lua_config_mon_en__9dce50aab4.txt","","","","","","","","","","","","","","","monster-client-catalog.csv"
"6430","","2","data_mon_6430__lua_config_mon_en__b8f702d2c1.txt","","","","","","","","","","","","","","","monster-client-catalog.csv"
"6471","","D","data_mon_6471__lua_config_mon_en__2977a28168.txt","","","","","","","","","","","","","","","monster-client-catalog.csv"
"6472","","@","data_mon_6472__lua_config_mon_en__7959e8ee34.txt","","","","","","","","","","","","","","","monster-client-catalog.csv"
"6473","","@","data_mon_6473__lua_config_mon_en__c3b7f048be.txt","","","","","","","","","","","","","","","monster-client-catalog.csv"
"6474","","@","data_mon_6474__lua_config_mon_en__c7e0e880f1.txt","","","","","","","","","","","","","","","monster-client-catalog.csv"
"6475","","@","data_mon_6475__lua_config_mon_en__c1b191aee3.txt","","","","","","","","","","","","","","","monster-client-catalog.csv"
"6476","","@","data_mon_6476__lua_config_mon_en__48c9dc9986.txt","","","","","","","","","","","","","","","monster-client-catalog.csv"
"6477","","@","data_mon_6477__lua_config_mon_en__843c0d47a0.txt","","","","","","","","","","","","","","","monster-client-catalog.csv"
"6478","","@","data_mon_6478__lua_config_mon_en__876b4a544a.txt","","","","","","","","","","","","","","","monster-client-catalog.csv"
"6479","","@","data_mon_6479__lua_config_mon_en__aff41df58c.txt","","","","","","","","","","","","","","","monster-client-catalog.csv"
"6480","","@","data_mon_6480__lua_config_mon_en__dd87b6df9d.txt","","","","","","","","","","","","","","","monster-client-catalog.csv"
"6481","","@","data_mon_6481__lua_config_mon_en__d07672942e.txt","","","","","","","","","","","","","","","monster-client-catalog.csv"
"6482","","@","data_mon_6482__lua_config_mon_en__fb232a9ff0.txt","","","","","","","","","","","","","","","monster-client-catalog.csv"
"6483","","@","data_mon_6483__lua_config_mon_en__c369d125ea.txt","","","","","","","","","","","","","","","monster-client-catalog.csv"
"6484","","@","data_mon_6484__lua_config_mon_en__af29a8c6f4.txt","","","","","","","","","","","","","","","monster-client-catalog.csv"
"6485","","@","data_mon_6485__lua_config_mon_en__de86b6189f.txt","","","","","","","","","","","","","","","monster-client-catalog.csv"
"6486","","@","data_mon_6486__lua_config_mon_en__feed18b0b5.txt","","","","","","","","","","","","","","","monster-client-catalog.csv"
"6487","","@","data_mon_6487__lua_config_mon_en__41ea2f3b47.txt","","","","","","","","","","","","","","","monster-client-catalog.csv"
"6488","","@","data_mon_6488__lua_config_mon_en__3a6160982b.txt","","","","","","","","","","","","","","","monster-client-catalog.csv"
"6511","","@","data_mon_6511__lua_config_mon_en__4d64301aee.txt","","","","","","","","","","","","","","","monster-client-catalog.csv"
"6512","","@","data_mon_6512__lua_config_mon_en__6a5263d33d.txt","","","","","","","","","","","","","","","monster-client-catalog.csv"
"6513","","@","data_mon_6513__lua_config_mon_en__37d9822a63.txt","","","","","","","","","","","","","","","monster-client-catalog.csv"
"6514","","@","data_mon_6514__lua_config_mon_en__63ff452e17.txt","","","","","","","","","","","","","","","monster-client-catalog.csv"
"6515","","@","data_mon_6515__lua_config_mon_en__ea3134d048.txt","","","","","","","","","","","","","","","monster-client-catalog.csv"
"6516","","@","data_mon_6516__lua_config_mon_en__a3c3224653.txt","","","","","","","","","","","","","","","monster-client-catalog.csv"
"6517","","@","data_mon_6517__lua_config_mon_en__a75a3076a8.txt","","","","","","","","","","","","","","","monster-client-catalog.csv"
"6518","","@","data_mon_6518__lua_config_mon_en__8457828f9a.txt","","","","","","","","","","","","","","","monster-client-catalog.csv"
"6519","","@","data_mon_6519__lua_config_mon_en__b4d7160725.txt","","","","","","","","","","","","","","","monster-client-catalog.csv"
"6520","","@","data_mon_6520__lua_config_mon_en__2f49f55f3e.txt","","","","","","","","","","","","","","","monster-client-catalog.csv"
"6521","","@","data_mon_6521__lua_config_mon_en__72a5e4e96c.txt","","","","","","","","","","","","","","","monster-client-catalog.csv"
"6522","","@","data_mon_6522__lua_config_mon_en__3822bfaac6.txt","","","","","","","","","","","","","","","monster-client-catalog.csv"
"6523","","@","data_mon_6523__lua_config_mon_en__83aee3b2f5.txt","","","","","","","","","","","","","","","monster-client-catalog.csv"
"6524","","@","data_mon_6524__lua_config_mon_en__29ea7f1446.txt","","","","","","","","","","","","","","","monster-client-catalog.csv"
"6525","","@","data_mon_6525__lua_config_mon_en__cb8d89b410.txt","","","","","","","","","","","","","","","monster-client-catalog.csv"
"6526","","@","data_mon_6526__lua_config_mon_en__23d42f5149.txt","","","","","","","","","","","","","","","monster-client-catalog.csv"
"6527","","@","data_mon_6527__lua_config_mon_en__886d2ae501.txt","","","","","","","","","","","","","","","monster-client-catalog.csv"
"6550","","\","data_mon_6550__lua_config_mon_en__5293b225d0.txt","","","","","","","","","","","","","","","monster-client-catalog.csv"
"6551","","F","data_mon_6551__lua_config_mon_en__90f2270b27.txt","","","","","","","","","","","","","","","monster-client-catalog.csv"
"6552","","i","data_mon_6552__lua_config_mon_en__48e30860b4.txt","","","","","","","","","","","","","","","monster-client-catalog.csv"
"6611","","W","data_mon_6611__lua_config_mon_en__007d406ffc.txt","","","","","","","","","","","","","","","monster-client-catalog.csv"
"6701","","T}","data_mon_6701__lua_config_mon_en__cd5c762ad2.txt","","","","","","","","","","","","","","","monster-client-catalog.csv"
"6711","","7","data_mon_6711__lua_config_mon_en__892c41278c.txt","","","","","","","","","","","","","","","monster-client-catalog.csv"
"6721","","7","data_mon_6721__lua_config_mon_en__9d43275816.txt","","","","","","","","","","","","","","","monster-client-catalog.csv"
"6801","","U","data_mon_6801__lua_config_mon_en__63aca64d65.txt","","","","","","","","","","","","","","","monster-client-catalog.csv"
"6802","","/?","data_mon_6802__lua_config_mon_en__fe6d93cfa2.txt","","","","","","","","","","","","","","","monster-client-catalog.csv"
"6975","","2","data_mon_6975__lua_config_mon_en__e20079086e.txt","","","","","","","","","","","","","","","monster-client-catalog.csv"
"7024","","/?","data_mon_7024__lua_config_mon_en__5d9a22e863.txt","","","","","","","","","","","","","","","monster-client-catalog.csv"
"8251","","/?","data_mon_8251__lua_config_mon_en__0a60abf90c.txt","","","","","","","","","","","","","","","monster-client-catalog.csv"
"8301","","/?","data_mon_8301__lua_config_mon_en__9816e6b20c.txt","","","","","","","","","","","","","","","monster-client-catalog.csv"
"8500","","9S","data_mon_8500__lua_config_mon_en__ed45d9cfee.txt","","","","","","","","","","","","","","","monster-client-catalog.csv"
"8510","","%","data_mon_8510__lua_config_mon_en__26a23df550.txt","","","","","","","","","","","","","","","monster-client-catalog.csv"
"8520","","%","data_mon_8520__lua_config_mon_en__231c8e8760.txt","","","","","","","","","","","","","","","monster-client-catalog.csv"
"8601","","/?","data_mon_8601__lua_config_mon_en__603e9dec79.txt","","","","","","","","","","","","","","","monster-client-catalog.csv"
"9000","","/?","data_mon_9000__lua_config_mon_en__b5e23ae4db.txt","","","","","","","","","","","","","","","monster-client-catalog.csv"
"9002","","=","data_mon_9002__lua_config_mon_en__ea8c593055.txt","","","","","","","","","","","","","","","monster-client-catalog.csv"
"9003","",".","data_mon_9003__lua_config_mon_en__011767a153.txt","","","","","","","","","","","","","","","monster-client-catalog.csv"
"9091","","1","data_mon_9091__lua_config_mon_en__f428e24fe7.txt","","","","","","","","","","","","","","","monster-client-catalog.csv"
"9100","","/?","data_mon_9100__lua_config_mon_en__dbeaff7950.txt","","","","","","","","","","","","","","","monster-client-catalog.csv"
"9110","","T","data_mon_9110__lua_config_mon_en__1e7e31a71b.txt","","","","","","","","","","","","","","","monster-client-catalog.csv"
"9200","","/?","data_mon_9200__lua_config_mon_en__d447274751.txt","","","","","","","","","","","","","","","monster-client-catalog.csv"
"9300","","c","data_mon_9300__lua_config_mon_en__3b4aeb0a18.txt","","","","","","","","","","","","","","","monster-client-catalog.csv"
"9400","","c","data_mon_9400__lua_config_mon_en__f63764ceea.txt","","","","","","","","","","","","","","","monster-client-catalog.csv"
"9500","","/?","data_mon_9500__lua_config_mon_en__92fbcb1739.txt","","","","","","","","","","","","","","","monster-client-catalog.csv"
"9600","","/?","data_mon_9600__lua_config_mon_en__d2f1dedc0a.txt","","","","","","","","","","","","","","","monster-client-catalog.csv"
"9999","","K","data_mon_9999__lua_config_mon_en__7f59723917.txt","","","","","","","","","","","","","","","monster-client-catalog.csv"
"10000","",".","data_mon_10000__lua_config_mon_en__7bac18bb7d.txt","","","","","","","","","","","","","","","monster-client-catalog.csv"
"31002","","1","data_mon_31002__lua_config_mon_en__5d71a08091.txt","","","","","","","","","","","","","","","monster-client-catalog.csv"
"31003","","W","data_mon_31003__lua_config_mon_en__b604d35e87.txt","","","","","","","","","","","","","","","monster-client-catalog.csv"
"31005","","%","data_mon_31005__lua_config_mon_en__9301627af8.txt","","","","","","","","","","","","","","","monster-client-catalog.csv"
"32002","","1","data_mon_32002__lua_config_mon_en__d357e068c4.txt","","","","","","","","","","","","","","","monster-client-catalog.csv"
"32003","","W","data_mon_32003__lua_config_mon_en__31c918d134.txt","","","","","","","","","","","","","","","monster-client-catalog.csv"
"32005","","%","data_mon_32005__lua_config_mon_en__c41ce07d81.txt","","","","","","","","","","","","","","","monster-client-catalog.csv"
"33002","","1","data_mon_33002__lua_config_mon_en__ae3381b840.txt","","","","","","","","","","","","","","","monster-client-catalog.csv"
"33003","","W","data_mon_33003__lua_config_mon_en__3d40dea912.txt","","","","","","","","","","","","","","","monster-client-catalog.csv"
"33005","","%","data_mon_33005__lua_config_mon_en__2bfe622cf9.txt","","","","","","","","","","","","","","","monster-client-catalog.csv"
"34002","","1","data_mon_34002__lua_config_mon_en__d2190ed527.txt","","","","","","","","","","","","","","","monster-client-catalog.csv"
"34003","","W","data_mon_34003__lua_config_mon_en__61b3241316.txt","","","","","","","","","","","","","","","monster-client-catalog.csv"
"34005","","%","data_mon_34005__lua_config_mon_en__84355e072a.txt","","","","","","","","","","","","","","","monster-client-catalog.csv"
"35002","","1","data_mon_35002__lua_config_mon_en__23b3301ff2.txt","","","","","","","","","","","","","","","monster-client-catalog.csv"
"35003","","W","data_mon_35003__lua_config_mon_en__1e190547de.txt","","","","","","","","","","","","","","","monster-client-catalog.csv"
"35005","","%","data_mon_35005__lua_config_mon_en__e3a07540d5.txt","","","","","","","","","","","","","","","monster-client-catalog.csv"
"36002","","1","data_mon_36002__lua_config_mon_en__7c7bf5caf2.txt","","","","","","","","","","","","","","","monster-client-catalog.csv"
"36003","","W","data_mon_36003__lua_config_mon_en__3638940571.txt","","","","","","","","","","","","","","","monster-client-catalog.csv"
"36005","","%","data_mon_36005__lua_config_mon_en__55a452bd1c.txt","","","","","","","","","","","","","","","monster-client-catalog.csv"
"37002","","1","data_mon_37002__lua_config_mon_en__c9a81dc480.txt","","","","","","","","","","","","","","","monster-client-catalog.csv"
"37003","","W","data_mon_37003__lua_config_mon_en__dc85d86cd3.txt","","","","","","","","","","","","","","","monster-client-catalog.csv"
"37005","","%","data_mon_37005__lua_config_mon_en__ff61753893.txt","","","","","","","","","","","","","","","monster-client-catalog.csv"
"38002","","F","data_mon_38002__lua_config_mon_en__f3d92ea56a.txt","","","","","","","","","","","","","","","monster-client-catalog.csv"
"38003","","/?","data_mon_38003__lua_config_mon_en__efd4dc845e.txt","","","","","","","","","","","","","","","monster-client-catalog.csv"
"38004","","/?","data_mon_38004__lua_config_mon_en__8653f8dce3.txt","","","","","","","","","","","","","","","monster-client-catalog.csv"
"38005","","%","data_mon_38005__lua_config_mon_en__7b3b5cdebd.txt","","","","","","","","","","","","","","","monster-client-catalog.csv"
"373100","","/?","data_mon_373100__lua_config_mon_en__6660ce3731.txt","","","","","","","","","","","","","","","monster-client-catalog.csv"
"373101","","/?","data_mon_373101__lua_config_mon_en__dc18a74765.txt","","","","","","","","","","","","","","","monster-client-catalog.csv"
"373102","","/?","data_mon_373102__lua_config_mon_en__7985fe65f8.txt","","","","","","","","","","","","","","","monster-client-catalog.csv"
"373103","","/?","data_mon_373103__lua_config_mon_en__0f327a6627.txt","","","","","","","","","","","","","","","monster-client-catalog.csv"
"373104","","/?","data_mon_373104__lua_config_mon_en__692e6496ef.txt","","","","","","","","","","","","","","","monster-client-catalog.csv"
"373105","","/?","data_mon_373105__lua_config_mon_en__e38da608fe.txt","","","","","","","","","","","","","","","monster-client-catalog.csv"
"373106","","/?","data_mon_373106__lua_config_mon_en__e3534f24c2.txt","","","","","","","","","","","","","","","monster-client-catalog.csv"
"373107","","/?","data_mon_373107__lua_config_mon_en__5245fedacc.txt","","","","","","","","","","","","","","","monster-client-catalog.csv"
"373108","","/?","data_mon_373108__lua_config_mon_en__fa6d958d5a.txt","","","","","","","","","","","","","","","monster-client-catalog.csv"
"373109","","/?","data_mon_373109__lua_config_mon_en__f1bf4380db.txt","","","","","","","","","","","","","","","monster-client-catalog.csv"
"373110","","5","data_mon_373110__lua_config_mon_en__111ac82597.txt","","","","","","","","","","","","","","","monster-client-catalog.csv"
"373120","","/?","data_mon_373120__lua_config_mon_en__9d874533cd.txt","","","","","","","","","","","","","","","monster-client-catalog.csv"
"373121","","/?","data_mon_373121__lua_config_mon_en__a6d34b2fec.txt","","","","","","","","","","","","","","","monster-client-catalog.csv"
"373122","","/?","data_mon_373122__lua_config_mon_en__f1ac96d367.txt","","","","","","","","","","","","","","","monster-client-catalog.csv"
"373123","","/?","data_mon_373123__lua_config_mon_en__875a42cf13.txt","","","","","","","","","","","","","","","monster-client-catalog.csv"
"373124","","/?","data_mon_373124__lua_config_mon_en__afada9e393.txt","","","","","","","","","","","","","","","monster-client-catalog.csv"
"373125","","/?","data_mon_373125__lua_config_mon_en__804528cf06.txt","","","","","","","","","","","","","","","monster-client-catalog.csv"
"373126","","/?","data_mon_373126__lua_config_mon_en__edbbc71826.txt","","","","","","","","","","","","","","","monster-client-catalog.csv"
"373127","","/?","data_mon_373127__lua_config_mon_en__477bdeb14d.txt","","","","","","","","","","","","","","","monster-client-catalog.csv"
"373128","","/?","data_mon_373128__lua_config_mon_en__cac9e3e549.txt","","","","","","","","","","","","","","","monster-client-catalog.csv"
"373129","","/?","data_mon_373129__lua_config_mon_en__472c11b99e.txt","","","","","","","","","","","","","","","monster-client-catalog.csv"
"373130","","5","data_mon_373130__lua_config_mon_en__d9520b77f5.txt","","","","","","","","","","","","","","","monster-client-catalog.csv"
"373140","","/?","data_mon_373140__lua_config_mon_en__c323e209ae.txt","","","","","","","","","","","","","","","monster-client-catalog.csv"
"373141","","/?","data_mon_373141__lua_config_mon_en__74779d6467.txt","","","","","","","","","","","","","","","monster-client-catalog.csv"
"373142","","/?","data_mon_373142__lua_config_mon_en__f05bf114c0.txt","","","","","","","","","","","","","","","monster-client-catalog.csv"
"373143","","/?","data_mon_373143__lua_config_mon_en__562016b136.txt","","","","","","","","","","","","","","","monster-client-catalog.csv"
"373144","","/?","data_mon_373144__lua_config_mon_en__00c24576ae.txt","","","","","","","","","","","","","","","monster-client-catalog.csv"
"373145","","/?","data_mon_373145__lua_config_mon_en__062efa1964.txt","","","","","","","","","","","","","","","monster-client-catalog.csv"
"373146","","/?","data_mon_373146__lua_config_mon_en__e53d964329.txt","","","","","","","","","","","","","","","monster-client-catalog.csv"
"373147","","/?","data_mon_373147__lua_config_mon_en__11e02d773c.txt","","","","","","","","","","","","","","","monster-client-catalog.csv"
"373148","","/?","data_mon_373148__lua_config_mon_en__5203130c76.txt","","","","","","","","","","","","","","","monster-client-catalog.csv"
"373149","","/?","data_mon_373149__lua_config_mon_en__4d75b5f290.txt","","","","","","","","","","","","","","","monster-client-catalog.csv"
"373150","","5","data_mon_373150__lua_config_mon_en__c4847c15fa.txt","","","","","","","","","","","","","","","monster-client-catalog.csv"
