"nombre","evidencia"
"Abyss Golden Dragon","Aparece en al menos un modulo data_mon_* en ingles del cliente."
"Abyss Guardian","Aparece en al menos un modulo data_mon_* en ingles del cliente."
"Abyss Ice Phoenix","Aparece en al menos un modulo data_mon_* en ingles del cliente."
"Abyss Kunpeng","Aparece en al menos un modulo data_mon_* en ingles del cliente."
"Abyss Taotie","Aparece en al menos un modulo data_mon_* en ingles del cliente."
"Abyss Yinglong","Aparece en al menos un modulo data_mon_* en ingles del cliente."
"Academy Scribe","Aparece en al menos un modulo data_mon_* en ingles del cliente."
"Acolyte Abin","Aparece en al menos un modulo data_mon_* en ingles del cliente."
"action_idle","Aparece en al menos un modulo data_mon_* en ingles del cliente."
"action_run","Aparece en al menos un modulo data_mon_* en ingles del cliente."
"Alchemy Furnace","Aparece en al menos un modulo data_mon_* en ingles del cliente."
"Alliance Falcon","Aparece en al menos un modulo data_mon_* en ingles del cliente."
"Alliance Heavenly Dog","Aparece en al menos un modulo data_mon_* en ingles del cliente."
"Alliance Sentry","Aparece en al menos un modulo data_mon_* en ingles del cliente."
"Ancient Aquaspirit","Aparece en al menos un modulo data_mon_* en ingles del cliente."
"Ancient Flame Qiongqi","Aparece en al menos un modulo data_mon_* en ingles del cliente."
"Angry Cultivator","Aparece en al menos un modulo data_mon_* en ingles del cliente."
"Aquatic Minions","Aparece en al menos un modulo data_mon_* en ingles del cliente."
"Array Nexus","Aparece en al menos un modulo data_mon_* en ingles del cliente."
"Array VFX","Aparece en al menos un modulo data_mon_* en ingles del cliente."
"Art Attendant","Aparece en al menos un modulo data_mon_* en ingles del cliente."
"Asura","Aparece en al menos un modulo data_mon_* en ingles del cliente."
"Asura Lostsoul","Aparece en al menos un modulo data_mon_* en ingles del cliente."
"Atsplit","Aparece en al menos un modulo data_mon_* en ingles del cliente."
"Attire Fairy","Aparece en al menos un modulo data_mon_* en ingles del cliente."
"Attonumber","Aparece en al menos un modulo data_mon_* en ingles del cliente."
"Auspicious Dragon Scroll","Aparece en al menos un modulo data_mon_* en ingles del cliente."
"Austere Immortal","Aparece en al menos un modulo data_mon_* en ingles del cliente."
"autoFightFirst","Aparece en al menos un modulo data_mon_* en ingles del cliente."
"Autumn Cloud","Aparece en al menos un modulo data_mon_* en ingles del cliente."
"Autumn Painting","Aparece en al menos un modulo data_mon_* en ingles del cliente."
"Azure Child","Aparece en al menos un modulo data_mon_* en ingles del cliente."
"B__default_value","Aparece en al menos un modulo data_mon_* en ingles del cliente."
"Backup NPC","Aparece en al menos un modulo data_mon_* en ingles del cliente."
"Backup Pathfinding Monster","Aparece en al menos un modulo data_mon_* en ingles del cliente."
"Bad Fox","Aparece en al menos un modulo data_mon_* en ingles del cliente."
"Bai Shenshen","Aparece en al menos un modulo data_mon_* en ingles del cliente."
"Bai Ye","Aparece en al menos un modulo data_mon_* en ingles del cliente."
"Bai Yinqiu","Aparece en al menos un modulo data_mon_* en ingles del cliente."
"banSpin","Aparece en al menos un modulo data_mon_* en ingles del cliente."
"Baopuzi","Aparece en al menos un modulo data_mon_* en ingles del cliente."
"bconfig_data","Aparece en al menos un modulo data_mon_* en ingles del cliente."
"Beast Path Lostsoul","Aparece en al menos un modulo data_mon_* en ingles del cliente."
"Beauties in Old Age","Aparece en al menos un modulo data_mon_* en ingles del cliente."
"Bei Yase","Aparece en al menos un modulo data_mon_* en ingles del cliente."
"Bengyue","Aparece en al menos un modulo data_mon_* en ingles del cliente."
"Berserk Icebear","Aparece en al menos un modulo data_mon_* en ingles del cliente."
"Bewitcher","Aparece en al menos un modulo data_mon_* en ingles del cliente."
"Bibo Shark Guard","Aparece en al menos un modulo data_mon_* en ingles del cliente."
"Big Flower Demon","Aparece en al menos un modulo data_mon_* en ingles del cliente."
"Big Fox","Aparece en al menos un modulo data_mon_* en ingles del cliente."
"Big Rabbit","Aparece en al menos un modulo data_mon_* en ingles del cliente."
"Big Vermilion Bird","Aparece en al menos un modulo data_mon_* en ingles del cliente."
"Big White Rabbit","Aparece en al menos un modulo data_mon_* en ingles del cliente."
"Birth of the World","Aparece en al menos un modulo data_mon_* en ingles del cliente."
"Black Feather","Aparece en al menos un modulo data_mon_* en ingles del cliente."
"Black Feather Abomination","Aparece en al menos un modulo data_mon_* en ingles del cliente."
"Blacksmith","Aparece en al menos un modulo data_mon_* en ingles del cliente."
"Blade Forger","Aparece en al menos un modulo data_mon_* en ingles del cliente."
"Blazing Scourge","Aparece en al menos un modulo data_mon_* en ingles del cliente."
"Blood Soul Beast","Aparece en al menos un modulo data_mon_* en ingles del cliente."
"Bloodclaw Dove","Aparece en al menos un modulo data_mon_* en ingles del cliente."
"Bloodthirsty Taotie","Aparece en al menos un modulo data_mon_* en ingles del cliente."
"Book Demon","Aparece en al menos un modulo data_mon_* en ingles del cliente."
"born_rim","Aparece en al menos un modulo data_mon_* en ingles del cliente."
"born_rimtransparent","Aparece en al menos un modulo data_mon_* en ingles del cliente."
"Bow Disciple","Aparece en al menos un modulo data_mon_* en ingles del cliente."
"Brave Bull","Aparece en al menos un modulo data_mon_* en ingles del cliente."
"Break Seal","Aparece en al menos un modulo data_mon_* en ingles del cliente."
"Break the Seal","Aparece en al menos un modulo data_mon_* en ingles del cliente."
"Broken Bridge","Aparece en al menos un modulo data_mon_* en ingles del cliente."
"Broken Chain","Aparece en al menos un modulo data_mon_* en ingles del cliente."
"Brother Dragon","Aparece en al menos un modulo data_mon_* en ingles del cliente."
"Brother Tiger","Aparece en al menos un modulo data_mon_* en ingles del cliente."
"Bu Liubai","Aparece en al menos un modulo data_mon_* en ingles del cliente."
"Bu Xunhe","Aparece en al menos un modulo data_mon_* en ingles del cliente."
"Buff Point","Aparece en al menos un modulo data_mon_* en ingles del cliente."
"Burn Incense and Pray","Aparece en al menos un modulo data_mon_* en ingles del cliente."
"C__keyDic","Aparece en al menos un modulo data_mon_* en ingles del cliente."
"Calamity Crossing Array","Aparece en al menos un modulo data_mon_* en ingles del cliente."
"Calamity Yinglong","Aparece en al menos un modulo data_mon_* en ingles del cliente."
"camera","Aparece en al menos un modulo data_mon_* en ingles del cliente."
"Cangshan Dragon Guard","Aparece en al menos un modulo data_mon_* en ingles del cliente."
"Cangshan Kun General","Aparece en al menos un modulo data_mon_* en ingles del cliente."
"Cangshan Shark Guard","Aparece en al menos un modulo data_mon_* en ingles del cliente."
"Cangshan Snake General","Aparece en al menos un modulo data_mon_* en ingles del cliente."
"Cangshan Snow Guard","Aparece en al menos un modulo data_mon_* en ingles del cliente."
"Canjue","Aparece en al menos un modulo data_mon_* en ingles del cliente."
"Catch the rat","Aparece en al menos un modulo data_mon_* en ingles del cliente."
"Cejiang","Aparece en al menos un modulo data_mon_* en ingles del cliente."
"Celebration Time","Aparece en al menos un modulo data_mon_* en ingles del cliente."
"Chamber Supervisor","Aparece en al menos un modulo data_mon_* en ingles del cliente."
"Chang Sheng","Aparece en al menos un modulo data_mon_* en ingles del cliente."
"Chaos Priest","Aparece en al menos un modulo data_mon_* en ingles del cliente."
"Chenghuang Beast Form","Aparece en al menos un modulo data_mon_* en ingles del cliente."
"Chenghuang Human Form","Aparece en al menos un modulo data_mon_* en ingles del cliente."
"Chess Academy Disciple","Aparece en al menos un modulo data_mon_* en ingles del cliente."
"Chess Illusion","Aparece en al menos un modulo data_mon_* en ingles del cliente."
"Chi Yanlan","Aparece en al menos un modulo data_mon_* en ingles del cliente."
"Chitong","Aparece en al menos un modulo data_mon_* en ingles del cliente."
"Chizhao","Aparece en al menos un modulo data_mon_* en ingles del cliente."
"Chu Lianhuan","Aparece en al menos un modulo data_mon_* en ingles del cliente."
"Clear Toxic Mushrooms","Aparece en al menos un modulo data_mon_* en ingles del cliente."
"Cloud Boy","Aparece en al menos un modulo data_mon_* en ingles del cliente."
"Cloud Sect Disciple","Aparece en al menos un modulo data_mon_* en ingles del cliente."
"collect_action","Aparece en al menos un modulo data_mon_* en ingles del cliente."
"color","Aparece en al menos un modulo data_mon_* en ingles del cliente."
"config_data","Aparece en al menos un modulo data_mon_* en ingles del cliente."
"Consume Spiritual Herb","Aparece en al menos un modulo data_mon_* en ingles del cliente."
"Converge Peony Cores","Aparece en al menos un modulo data_mon_* en ingles del cliente."
"Copperborn","Aparece en al menos un modulo data_mon_* en ingles del cliente."
"Corpse","Aparece en al menos un modulo data_mon_* en ingles del cliente."
"Corrupted Dreadfox","Aparece en al menos un modulo data_mon_* en ingles del cliente."
"Corrupted White Ape","Aparece en al menos un modulo data_mon_* en ingles del cliente."
"Crab","Aparece en al menos un modulo data_mon_* en ingles del cliente."
"Crab General","Aparece en al menos un modulo data_mon_* en ingles del cliente."
"Crab Monster","Aparece en al menos un modulo data_mon_* en ingles del cliente."
"Crypt Patrol","Aparece en al menos un modulo data_mon_* en ingles del cliente."
"Crystal Guard","Aparece en al menos un modulo data_mon_* en ingles del cliente."
"Crystal Point","Aparece en al menos un modulo data_mon_* en ingles del cliente."
"Cultivation Envoy","Aparece en al menos un modulo data_mon_* en ingles del cliente."
"Dafan","Aparece en al menos un modulo data_mon_* en ingles del cliente."
"Dan Qingzi","Aparece en al menos un modulo data_mon_* en ingles del cliente."
"Dan Qiusheng","Aparece en al menos un modulo data_mon_* en ingles del cliente."
"Dark Cultist","Aparece en al menos un modulo data_mon_* en ingles del cliente."
"Dark Phoenix","Aparece en al menos un modulo data_mon_* en ingles del cliente."
"Darkforce Vanguard","Aparece en al menos un modulo data_mon_* en ingles del cliente."
"Death Count","Aparece en al menos un modulo data_mon_* en ingles del cliente."
"def","Aparece en al menos un modulo data_mon_* en ingles del cliente."
"Demon Clan Minion","Aparece en al menos un modulo data_mon_* en ingles del cliente."
"Demon God Dragon Emperor","Aparece en al menos un modulo data_mon_* en ingles del cliente."
"Demon in the City","Aparece en al menos un modulo data_mon_* en ingles del cliente."
"Demon Lord","Aparece en al menos un modulo data_mon_* en ingles del cliente."
"Demon Order","Aparece en al menos un modulo data_mon_* en ingles del cliente."
"Demonic Aura","Aparece en al menos un modulo data_mon_* en ingles del cliente."
"Demonic Dharma Form","Aparece en al menos un modulo data_mon_* en ingles del cliente."
"Demonic Invasion","Aparece en al menos un modulo data_mon_* en ingles del cliente."
"Demonized Martial Monk","Aparece en al menos un modulo data_mon_* en ingles del cliente."
"Demonlord Wu Zhiqi","Aparece en al menos un modulo data_mon_* en ingles del cliente."
"Ding Hanjie","Aparece en al menos un modulo data_mon_* en ingles del cliente."
"Disciplinary Monk","Aparece en al menos un modulo data_mon_* en ingles del cliente."
"Dispel the Array","Aparece en al menos un modulo data_mon_* en ingles del cliente."
"Divine Arm","Aparece en al menos un modulo data_mon_* en ingles del cliente."
"Divine Dragon Cannon","Aparece en al menos un modulo data_mon_* en ingles del cliente."
"Dong Bimo","Aparece en al menos un modulo data_mon_* en ingles del cliente."
"Dongfang Shengwang","Aparece en al menos un modulo data_mon_* en ingles del cliente."
"Dowry Nether Maiden","Aparece en al menos un modulo data_mon_* en ingles del cliente."
"Dragon","Aparece en al menos un modulo data_mon_* en ingles del cliente."
"Dragon Emperor Clone","Aparece en al menos un modulo data_mon_* en ingles del cliente."
"Dragon Maiden","Aparece en al menos un modulo data_mon_* en ingles del cliente."
"Dragon Mother","Aparece en al menos un modulo data_mon_* en ingles del cliente."
"Dragonet","Aparece en al menos un modulo data_mon_* en ingles del cliente."
"Dragonflame Hall","Aparece en al menos un modulo data_mon_* en ingles del cliente."
"Dreadfox","Aparece en al menos un modulo data_mon_* en ingles del cliente."
"Dreadfox Princess","Aparece en al menos un modulo data_mon_* en ingles del cliente."
"Dreamsnake","Aparece en al menos un modulo data_mon_* en ingles del cliente."
"Drink","Aparece en al menos un modulo data_mon_* en ingles del cliente."
"Dtinsert","Aparece en al menos un modulo data_mon_* en ingles del cliente."
"Du Xiuyuan","Aparece en al menos un modulo data_mon_* en ingles del cliente."
"Duanhe","Aparece en al menos un modulo data_mon_* en ingles del cliente."
"Eager to Try","Aparece en al menos un modulo data_mon_* en ingles del cliente."
"Eagle Guard","Aparece en al menos un modulo data_mon_* en ingles del cliente."
"Eagle Guard Boss","Aparece en al menos un modulo data_mon_* en ingles del cliente."
"Eagle Guard Leader","Aparece en al menos un modulo data_mon_* en ingles del cliente."
"Earth Elemental","Aparece en al menos un modulo data_mon_* en ingles del cliente."
"Earth Palace Demon King","Aparece en al menos un modulo data_mon_* en ingles del cliente."
"Earth Qiongqi","Aparece en al menos un modulo data_mon_* en ingles del cliente."
"Earthsplit Hoof","Aparece en al menos un modulo data_mon_* en ingles del cliente."
"East City General","Aparece en al menos un modulo data_mon_* en ingles del cliente."
"East Palace Mythical Beast","Aparece en al menos un modulo data_mon_* en ingles del cliente."
"effect_born","Aparece en al menos un modulo data_mon_* en ingles del cliente."
"effect_dead","Aparece en al menos un modulo data_mon_* en ingles del cliente."
"Elder Dragon Adult","Aparece en al menos un modulo data_mon_* en ingles del cliente."
"Elder Dragon King","Aparece en al menos un modulo data_mon_* en ingles del cliente."
"Elder of Paintings","Aparece en al menos un modulo data_mon_* en ingles del cliente."
"Elemental Boss","Aparece en al menos un modulo data_mon_* en ingles del cliente."
"Elite","Aparece en al menos un modulo data_mon_* en ingles del cliente."
"Elite Demon Realm Warrior","Aparece en al menos un modulo data_mon_* en ingles del cliente."
"Elite Disciple","Aparece en al menos un modulo data_mon_* en ingles del cliente."
"Elite Patrol","Aparece en al menos un modulo data_mon_* en ingles del cliente."
"Embroidery Needle","Aparece en al menos un modulo data_mon_* en ingles del cliente."
"Emotion Fruit","Aparece en al menos un modulo data_mon_* en ingles del cliente."
"Endbringer Thrall","Aparece en al menos un modulo data_mon_* en ingles del cliente."
"Enter Demon Seal","Aparece en al menos un modulo data_mon_* en ingles del cliente."
"Essence Fortification","Aparece en al menos un modulo data_mon_* en ingles del cliente."
"Ettonumber","Aparece en al menos un modulo data_mon_* en ingles del cliente."
"Evil Ice Phoenix","Aparece en al menos un modulo data_mon_* en ingles del cliente."
"Evil Thunder Dragon","Aparece en al menos un modulo data_mon_* en ingles del cliente."
"Evil Troublemaker","Aparece en al menos un modulo data_mon_* en ingles del cliente."
"exp","Aparece en al menos un modulo data_mon_* en ingles del cliente."
"F__default_value","Aparece en al menos un modulo data_mon_* en ingles del cliente."
"Falcon Scout","Aparece en al menos un modulo data_mon_* en ingles del cliente."
"Fallen Fox Demon","Aparece en al menos un modulo data_mon_* en ingles del cliente."
"Fallen Fox Maid","Aparece en al menos un modulo data_mon_* en ingles del cliente."
"Fang Qingzhuo","Aparece en al menos un modulo data_mon_* en ingles del cliente."
"Farm Maiden","Aparece en al menos un modulo data_mon_* en ingles del cliente."
"Feiyan","Aparece en al menos un modulo data_mon_* en ingles del cliente."
"Fengyi","Aparece en al menos un modulo data_mon_* en ingles del cliente."
"Fenye","Aparece en al menos un modulo data_mon_* en ingles del cliente."
"Fighter Monk","Aparece en al menos un modulo data_mon_* en ingles del cliente."
"Fire Elemental","Aparece en al menos un modulo data_mon_* en ingles del cliente."
"Fire Phoenix","Aparece en al menos un modulo data_mon_* en ingles del cliente."
"Fire PhoenixIce Sunbird","Aparece en al menos un modulo data_mon_* en ingles del cliente."
"Fire Skill","Aparece en al menos un modulo data_mon_* en ingles del cliente."
"Firework Launcher","Aparece en al menos un modulo data_mon_* en ingles del cliente."
"Fireworks","Aparece en al menos un modulo data_mon_* en ingles del cliente."
"First Kill Chest","Aparece en al menos un modulo data_mon_* en ingles del cliente."
"First Love","Aparece en al menos un modulo data_mon_* en ingles del cliente."
"Flame Phoenix","Aparece en al menos un modulo data_mon_* en ingles del cliente."
"Flame Trap","Aparece en al menos un modulo data_mon_* en ingles del cliente."
"Flee in Panic","Aparece en al menos un modulo data_mon_* en ingles del cliente."
"Fleeing Monk","Aparece en al menos un modulo data_mon_* en ingles del cliente."
"Flood Dragon","Aparece en al menos un modulo data_mon_* en ingles del cliente."
"Floral Float Grand Gift","Aparece en al menos un modulo data_mon_* en ingles del cliente."
"Flower Demon","Aparece en al menos un modulo data_mon_* en ingles del cliente."
"Flower Guardian","Aparece en al menos un modulo data_mon_* en ingles del cliente."
"Forged Guard","Aparece en al menos un modulo data_mon_* en ingles del cliente."
"Fox Clan Master","Aparece en al menos un modulo data_mon_* en ingles del cliente."
"Fox Cub","Aparece en al menos un modulo data_mon_* en ingles del cliente."
"Fox Village Clan Member","Aparece en al menos un modulo data_mon_* en ingles del cliente."
"Frost Phoenix","Aparece en al menos un modulo data_mon_* en ingles del cliente."
"Frosted Snow","Aparece en al menos un modulo data_mon_* en ingles del cliente."
"Fuxue","Aparece en al menos un modulo data_mon_* en ingles del cliente."
"G__keyDic","Aparece en al menos un modulo data_mon_* en ingles del cliente."
"Gan Qingdai","Aparece en al menos un modulo data_mon_* en ingles del cliente."
"Gather Demo Mob","Aparece en al menos un modulo data_mon_* en ingles del cliente."
"Gather Test Mob","Aparece en al menos un modulo data_mon_* en ingles del cliente."
"Gelid Serpent","Aparece en al menos un modulo data_mon_* en ingles del cliente."
"Ghost Maiden Xiaoqian","Aparece en al menos un modulo data_mon_* en ingles del cliente."
"Ghost Path Lostsoul","Aparece en al menos un modulo data_mon_* en ingles del cliente."
"Ghost Scholar","Aparece en al menos un modulo data_mon_* en ingles del cliente."
"Go to Seal","Aparece en al menos un modulo data_mon_* en ingles del cliente."
"Goddess Luo","Aparece en al menos un modulo data_mon_* en ingles del cliente."
"Goldwyrm Master","Aparece en al menos un modulo data_mon_* en ingles del cliente."
"Gongsun Yi","Aparece en al menos un modulo data_mon_* en ingles del cliente."
"Grand Scholar","Aparece en al menos un modulo data_mon_* en ingles del cliente."
"Granny Fox flower","Aparece en al menos un modulo data_mon_* en ingles del cliente."
"Greedy Sprite","Aparece en al menos un modulo data_mon_* en ingles del cliente."
"Greenweed Master","Aparece en al menos un modulo data_mon_* en ingles del cliente."
"Grumpy Pig Demon","Aparece en al menos un modulo data_mon_* en ingles del cliente."
"Guan Xianshi","Aparece en al menos un modulo data_mon_* en ingles del cliente."
"Guard","Aparece en al menos un modulo data_mon_* en ingles del cliente."
"Guchuan","Aparece en al menos un modulo data_mon_* en ingles del cliente."
"Guild Campfire","Aparece en al menos un modulo data_mon_* en ingles del cliente."
"Guild Sentinel","Aparece en al menos un modulo data_mon_* en ingles del cliente."
"Guild War Defeat Chest","Aparece en al menos un modulo data_mon_* en ingles del cliente."
"Guild War Victory Chest","Aparece en al menos un modulo data_mon_* en ingles del cliente."
"Hanyi","Aparece en al menos un modulo data_mon_* en ingles del cliente."
"Head to Bridge","Aparece en al menos un modulo data_mon_* en ingles del cliente."
"Heal the injuries","Aparece en al menos un modulo data_mon_* en ingles del cliente."
"Heavenly Alliance Leader","Aparece en al menos un modulo data_mon_* en ingles del cliente."
"Heavenly Artisan Guard","Aparece en al menos un modulo data_mon_* en ingles del cliente."
"Heavenly Forger","Aparece en al menos un modulo data_mon_* en ingles del cliente."
"Heavenly Palace Demon King","Aparece en al menos un modulo data_mon_* en ingles del cliente."
"Heavenly Path Lostsoul","Aparece en al menos un modulo data_mon_* en ingles del cliente."
"Hillsplit Staff","Aparece en al menos un modulo data_mon_* en ingles del cliente."
"Hollow Taoist","Aparece en al menos un modulo data_mon_* en ingles del cliente."
"Holycourt Captain","Aparece en al menos un modulo data_mon_* en ingles del cliente."
"Holycourt Soldier","Aparece en al menos un modulo data_mon_* en ingles del cliente."
"Hot Spring Zither Immortal","Aparece en al menos un modulo data_mon_* en ingles del cliente."
"Hou Qing","Aparece en al menos un modulo data_mon_* en ingles del cliente."
"Houseboat Steward","Aparece en al menos un modulo data_mon_* en ingles del cliente."
"Huagu","Aparece en al menos un modulo data_mon_* en ingles del cliente."
"Huangshan Dragon Guard","Aparece en al menos un modulo data_mon_* en ingles del cliente."
"Huangshan Kun Guard","Aparece en al menos un modulo data_mon_* en ingles del cliente."
"Huangshan Snow Guard","Aparece en al menos un modulo data_mon_* en ingles del cliente."
"Huashan","Aparece en al menos un modulo data_mon_* en ingles del cliente."
"Huaxin","Aparece en al menos un modulo data_mon_* en ingles del cliente."
"Huodou","Aparece en al menos un modulo data_mon_* en ingles del cliente."
"Hurricane Dragon King","Aparece en al menos un modulo data_mon_* en ingles del cliente."
"Ice Phoenix","Aparece en al menos un modulo data_mon_* en ingles del cliente."
"ignoreHit","Aparece en al menos un modulo data_mon_* en ingles del cliente."
"ignoreHitMove","Aparece en al menos un modulo data_mon_* en ingles del cliente."
"Illusory Reflection","Aparece en al menos un modulo data_mon_* en ingles del cliente."
"Immortal Child","Aparece en al menos un modulo data_mon_* en ingles del cliente."
"Immortal Guard","Aparece en al menos un modulo data_mon_* en ingles del cliente."
"Immortal Pool Guard","Aparece en al menos un modulo data_mon_* en ingles del cliente."
"Immortal Pool Spirit Fish","Aparece en al menos un modulo data_mon_* en ingles del cliente."
"Immortal Trial","Aparece en al menos un modulo data_mon_* en ingles del cliente."
"Induce vomiting","Aparece en al menos un modulo data_mon_* en ingles del cliente."
"Inferno Lostsoul","Aparece en al menos un modulo data_mon_* en ingles del cliente."
"Ingenious Forger","Aparece en al menos un modulo data_mon_* en ingles del cliente."
"Inkplay Fairy","Aparece en al menos un modulo data_mon_* en ingles del cliente."
"Inspect the Situation","Aparece en al menos un modulo data_mon_* en ingles del cliente."
"Intact Bridge","Aparece en al menos un modulo data_mon_* en ingles del cliente."
"Investigate","Aparece en al menos un modulo data_mon_* en ingles del cliente."
"Iron Bow","Aparece en al menos un modulo data_mon_* en ingles del cliente."
"isHpBarShow","Aparece en al menos un modulo data_mon_* en ingles del cliente."
"Jade Marrow Ganoderma","Aparece en al menos un modulo data_mon_* en ingles del cliente."
"Jade Peony","Aparece en al menos un modulo data_mon_* en ingles del cliente."
"Ji Wenzhou","Aparece en al menos un modulo data_mon_* en ingles del cliente."
"Ji Wuyou","Aparece en al menos un modulo data_mon_* en ingles del cliente."
"Ji Xiansi","Aparece en al menos un modulo data_mon_* en ingles del cliente."
"Jian Rong","Aparece en al menos un modulo data_mon_* en ingles del cliente."
"Jiang Lingyin","Aparece en al menos un modulo data_mon_* en ingles del cliente."
"Jiang Luozi","Aparece en al menos un modulo data_mon_* en ingles del cliente."
"Jiang Moli","Aparece en al menos un modulo data_mon_* en ingles del cliente."
"Jiang Wen","Aparece en al menos un modulo data_mon_* en ingles del cliente."
"Jiang Yanchen","Aparece en al menos un modulo data_mon_* en ingles del cliente."
"Jiang Yuebai","Aparece en al menos un modulo data_mon_* en ingles del cliente."
"Jiang Zhenliu","Aparece en al menos un modulo data_mon_* en ingles del cliente."
"Jinlin","Aparece en al menos un modulo data_mon_* en ingles del cliente."
"Jinshu","Aparece en al menos un modulo data_mon_* en ingles del cliente."
"Jinshuang","Aparece en al menos un modulo data_mon_* en ingles del cliente."
"Jinwen","Aparece en al menos un modulo data_mon_* en ingles del cliente."
"Jitong","Aparece en al menos un modulo data_mon_* en ingles del cliente."
"Jiushao","Aparece en al menos un modulo data_mon_* en ingles del cliente."
"jumpdown","Aparece en al menos un modulo data_mon_* en ingles del cliente."
"Juvenile Flame Emperor","Aparece en al menos un modulo data_mon_* en ingles del cliente."
"Known Beauty","Aparece en al menos un modulo data_mon_* en ingles del cliente."
"Kongjing","Aparece en al menos un modulo data_mon_* en ingles del cliente."
"Kunpeng","Aparece en al menos un modulo data_mon_* en ingles del cliente."
"kvList","Aparece en al menos un modulo data_mon_* en ingles del cliente."
"Kylin","Aparece en al menos un modulo data_mon_* en ingles del cliente."
"Lan Gouzhuo","Aparece en al menos un modulo data_mon_* en ingles del cliente."
"Langhuan","Aparece en al menos un modulo data_mon_* en ingles del cliente."
"Lantern","Aparece en al menos un modulo data_mon_* en ingles del cliente."
"Large Chest","Aparece en al menos un modulo data_mon_* en ingles del cliente."
"Large Crystal","Aparece en al menos un modulo data_mon_* en ingles del cliente."
"Large Mine Guard","Aparece en al menos un modulo data_mon_* en ingles del cliente."
"Larval Ice Phoenix","Aparece en al menos un modulo data_mon_* en ingles del cliente."
"Larval Phoenix","Aparece en al menos un modulo data_mon_* en ingles del cliente."
"Larval Shark Kun","Aparece en al menos un modulo data_mon_* en ingles del cliente."
"Larval White Ape","Aparece en al menos un modulo data_mon_* en ingles del cliente."
"Larval Yinglong","Aparece en al menos un modulo data_mon_* en ingles del cliente."
"Lava Treant","Aparece en al menos un modulo data_mon_* en ingles del cliente."
"Law of Cold Dread","Aparece en al menos un modulo data_mon_* en ingles del cliente."
"Law of Reversal","Aparece en al menos un modulo data_mon_* en ingles del cliente."
"Ledger Keeper","Aparece en al menos un modulo data_mon_* en ingles del cliente."
"Li Feiyu","Aparece en al menos un modulo data_mon_* en ingles del cliente."
"Li Mohan","Aparece en al menos un modulo data_mon_* en ingles del cliente."
"Li Shengwang","Aparece en al menos un modulo data_mon_* en ingles del cliente."
"Lianyu","Aparece en al menos un modulo data_mon_* en ingles del cliente."
"Liefeng","Aparece en al menos un modulo data_mon_* en ingles del cliente."
"Limitless Sword Saint","Aparece en al menos un modulo data_mon_* en ingles del cliente."
"Lin Caichen","Aparece en al menos un modulo data_mon_* en ingles del cliente."
"Lin Cailing","Aparece en al menos un modulo data_mon_* en ingles del cliente."
"Lin Danshu","Aparece en al menos un modulo data_mon_* en ingles del cliente."
"Lin Miaoran","Aparece en al menos un modulo data_mon_* en ingles del cliente."
"Lin Yanqi","Aparece en al menos un modulo data_mon_* en ingles del cliente."
"Lin Zhixian","Aparece en al menos un modulo data_mon_* en ingles del cliente."
"Lingering Celestial Melody","Aparece en al menos un modulo data_mon_* en ingles del cliente."
"Linglong","Aparece en al menos un modulo data_mon_* en ingles del cliente."
"Lingyue","Aparece en al menos un modulo data_mon_* en ingles del cliente."
"Little Boy","Aparece en al menos un modulo data_mon_* en ingles del cliente."
"Little Daoist Boy","Aparece en al menos un modulo data_mon_* en ingles del cliente."
"Little Fox","Aparece en al menos un modulo data_mon_* en ingles del cliente."
"Little Sister Rat","Aparece en al menos un modulo data_mon_* en ingles del cliente."
"Little Sister Rat Adult","Aparece en al menos un modulo data_mon_* en ingles del cliente."
"Little Solcrow","Aparece en al menos un modulo data_mon_* en ingles del cliente."
"Little Vermilion Bird","Aparece en al menos un modulo data_mon_* en ingles del cliente."
"Liu Huaqiao","Aparece en al menos un modulo data_mon_* en ingles del cliente."
"Liu Qingge","Aparece en al menos un modulo data_mon_* en ingles del cliente."
"Liuying","Aparece en al menos un modulo data_mon_* en ingles del cliente."
"Loom Maiden","Aparece en al menos un modulo data_mon_* en ingles del cliente."
"Lord","Aparece en al menos un modulo data_mon_* en ingles del cliente."
"Lord of Blood","Aparece en al menos un modulo data_mon_* en ingles del cliente."
"Lord Songyu","Aparece en al menos un modulo data_mon_* en ingles del cliente."
"Lovebond Fairy","Aparece en al menos un modulo data_mon_* en ingles del cliente."
"Lu Moqing","Aparece en al menos un modulo data_mon_* en ingles del cliente."
"Lu Wu","Aparece en al menos un modulo data_mon_* en ingles del cliente."
"Lunar Chill","Aparece en al menos un modulo data_mon_* en ingles del cliente."
"Lunarborn Palace","Aparece en al menos un modulo data_mon_* en ingles del cliente."
"Luo Seyu","Aparece en al menos un modulo data_mon_* en ingles del cliente."
"Luotuozi","Aparece en al menos un modulo data_mon_* en ingles del cliente."
"Magpie","Aparece en al menos un modulo data_mon_* en ingles del cliente."
"Magpie Feather Weaver","Aparece en al menos un modulo data_mon_* en ingles del cliente."
"Maiden Xiaoqian","Aparece en al menos un modulo data_mon_* en ingles del cliente."
"Maiden Xiaoqian Skill","Aparece en al menos un modulo data_mon_* en ingles del cliente."
"Manatee Demon","Aparece en al menos un modulo data_mon_* en ingles del cliente."
"Mara Yinglong","Aparece en al menos un modulo data_mon_* en ingles del cliente."
"Marrow Wedding Vessel","Aparece en al menos un modulo data_mon_* en ingles del cliente."
"Martial Lord","Aparece en al menos un modulo data_mon_* en ingles del cliente."
"Martial Monk Signpost","Aparece en al menos un modulo data_mon_* en ingles del cliente."
"Martial Star","Aparece en al menos un modulo data_mon_* en ingles del cliente."
"Massive EXP","Aparece en al menos un modulo data_mon_* en ingles del cliente."
"Master Taigong","Aparece en al menos un modulo data_mon_* en ingles del cliente."
"Master Taiwei","Aparece en al menos un modulo data_mon_* en ingles del cliente."
"Medium Chest","Aparece en al menos un modulo data_mon_* en ingles del cliente."
"Medium Fox","Aparece en al menos un modulo data_mon_* en ingles del cliente."
"Medium Foxfolk","Aparece en al menos un modulo data_mon_* en ingles del cliente."
"Medium Mine Guard","Aparece en al menos un modulo data_mon_* en ingles del cliente."
"Mega Crystal","Aparece en al menos un modulo data_mon_* en ingles del cliente."
"Melodic Zither","Aparece en al menos un modulo data_mon_* en ingles del cliente."
"Miao Huiyin","Aparece en al menos un modulo data_mon_* en ingles del cliente."
"Miaoyin","Aparece en al menos un modulo data_mon_* en ingles del cliente."
"Mill Maiden","Aparece en al menos un modulo data_mon_* en ingles del cliente."
"Miner","Aparece en al menos un modulo data_mon_* en ingles del cliente."
"Mingzhao","Aparece en al menos un modulo data_mon_* en ingles del cliente."
"Minion Spawn Point","Aparece en al menos un modulo data_mon_* en ingles del cliente."
"Mirror Bloom","Aparece en al menos un modulo data_mon_* en ingles del cliente."
"Momo","Aparece en al menos un modulo data_mon_* en ingles del cliente."
"Monster Portal","Aparece en al menos un modulo data_mon_* en ingles del cliente."
"Monument","Aparece en al menos un modulo data_mon_* en ingles del cliente."
"Mortal Path Lostsoul","Aparece en al menos un modulo data_mon_* en ingles del cliente."
"Mountain Guard","Aparece en al menos un modulo data_mon_* en ingles del cliente."
"Mountain Guardian","Aparece en al menos un modulo data_mon_* en ingles del cliente."
"Mountain Sentinel Beast","Aparece en al menos un modulo data_mon_* en ingles del cliente."
"Mu Yun","Aparece en al menos un modulo data_mon_* en ingles del cliente."
"Mysterious Woman","Aparece en al menos un modulo data_mon_* en ingles del cliente."
"Mystery Chest","Aparece en al menos un modulo data_mon_* en ingles del cliente."
"Mystic Moon","Aparece en al menos un modulo data_mon_* en ingles del cliente."
"Mystic Palace Demon King","Aparece en al menos un modulo data_mon_* en ingles del cliente."
"Naga King","Aparece en al menos un modulo data_mon_* en ingles del cliente."
"name Blazing Flame Burning Abyss","Aparece en al menos un modulo data_mon_* en ingles del cliente."
"name Immortal Pool Spirit Dragon","Aparece en al menos un modulo data_mon_* en ingles del cliente."
"name Immortal Pool Spirit Rabbit","Aparece en al menos un modulo data_mon_* en ingles del cliente."
"name Immortal Sect Dragon Cannon","Aparece en al menos un modulo data_mon_* en ingles del cliente."
"Nan Huagu","Aparece en al menos un modulo data_mon_* en ingles del cliente."
"navObstacle","Aparece en al menos un modulo data_mon_* en ingles del cliente."
"Nether Servant","Aparece en al menos un modulo data_mon_* en ingles del cliente."
"Nianqing","Aparece en al menos un modulo data_mon_* en ingles del cliente."
"Nie Xiaoqian","Aparece en al menos un modulo data_mon_* en ingles del cliente."
"Nine Realms Demon","Aparece en al menos un modulo data_mon_* en ingles del cliente."
"no_click_dialog","Aparece en al menos un modulo data_mon_* en ingles del cliente."
"no_random_action","Aparece en al menos un modulo data_mon_* en ingles del cliente."
"noAutoSelect","Aparece en al menos un modulo data_mon_* en ingles del cliente."
"nolimit","Aparece en al menos un modulo data_mon_* en ingles del cliente."
"noShowSelect","Aparece en al menos un modulo data_mon_* en ingles del cliente."
"notback","Aparece en al menos un modulo data_mon_* en ingles del cliente."
"Novice Disciple","Aparece en al menos un modulo data_mon_* en ingles del cliente."
"Null NPC","Aparece en al menos un modulo data_mon_* en ingles del cliente."
"Obey Orders","Aparece en al menos un modulo data_mon_* en ingles del cliente."
"Old Tree Spirit","Aparece en al menos un modulo data_mon_* en ingles del cliente."
"Onlooking Fox","Aparece en al menos un modulo data_mon_* en ingles del cliente."
"Open Chest","Aparece en al menos un modulo data_mon_* en ingles del cliente."
"Orchid Pavilion Preface","Aparece en al menos un modulo data_mon_* en ingles del cliente."
"Organize Crane Grass","Aparece en al menos un modulo data_mon_* en ingles del cliente."
"Organize Stationery","Aparece en al menos un modulo data_mon_* en ingles del cliente."
"Ox Demon","Aparece en al menos un modulo data_mon_* en ingles del cliente."
"Ox Underling","Aparece en al menos un modulo data_mon_* en ingles del cliente."
"Painting Academy Disciple","Aparece en al menos un modulo data_mon_* en ingles del cliente."
"Painting Illusion","Aparece en al menos un modulo data_mon_* en ingles del cliente."
"Painting Immortal","Aparece en al menos un modulo data_mon_* en ingles del cliente."
"Paintings of Donkeys","Aparece en al menos un modulo data_mon_* en ingles del cliente."
"Pangu","Aparece en al menos un modulo data_mon_* en ingles del cliente."
"Paper Horse Ghost Soldier","Aparece en al menos un modulo data_mon_* en ingles del cliente."
"Parasitic Beast","Aparece en al menos un modulo data_mon_* en ingles del cliente."
"Pass through this gate","Aparece en al menos un modulo data_mon_* en ingles del cliente."
"Path Guidance","Aparece en al menos un modulo data_mon_* en ingles del cliente."
"Path Route","Aparece en al menos un modulo data_mon_* en ingles del cliente."
"Patrol","Aparece en al menos un modulo data_mon_* en ingles del cliente."
"Patrol Disciple","Aparece en al menos un modulo data_mon_* en ingles del cliente."
"Peach Blossom Demon","Aparece en al menos un modulo data_mon_* en ingles del cliente."
"Peach Demon","Aparece en al menos un modulo data_mon_* en ingles del cliente."
"Peach Fairy","Aparece en al menos un modulo data_mon_* en ingles del cliente."
"Pet","Aparece en al menos un modulo data_mon_* en ingles del cliente."
"Petrified Demon God","Aparece en al menos un modulo data_mon_* en ingles del cliente."
"Phantom of the Mirror","Aparece en al menos un modulo data_mon_* en ingles del cliente."
"Phoenix","Aparece en al menos un modulo data_mon_* en ingles del cliente."
"Phoenix Egg Terminator","Aparece en al menos un modulo data_mon_* en ingles del cliente."
"Phoenix Scroll","Aparece en al menos un modulo data_mon_* en ingles del cliente."
"Picture Drake","Aparece en al menos un modulo data_mon_* en ingles del cliente."
"Pipa Woman","Aparece en al menos un modulo data_mon_* en ingles del cliente."
"player_model","Aparece en al menos un modulo data_mon_* en ingles del cliente."
"playerFirst","Aparece en al menos un modulo data_mon_* en ingles del cliente."
"Poetry","Aparece en al menos un modulo data_mon_* en ingles del cliente."
"Pool Guest","Aparece en al menos un modulo data_mon_* en ingles del cliente."
"Pool Manager","Aparece en al menos un modulo data_mon_* en ingles del cliente."
"Popularity Chest","Aparece en al menos un modulo data_mon_* en ingles del cliente."
"Priest","Aparece en al menos un modulo data_mon_* en ingles del cliente."
"Primordial Evil Corpse","Aparece en al menos un modulo data_mon_* en ingles del cliente."
"Purple Monkey Flower","Aparece en al menos un modulo data_mon_* en ingles del cliente."
"Purple Smoke","Aparece en al menos un modulo data_mon_* en ingles del cliente."
"Qi Shaofeng","Aparece en al menos un modulo data_mon_* en ingles del cliente."
"Qianwu Guard","Aparece en al menos un modulo data_mon_* en ingles del cliente."
"Qin Wentian","Aparece en al menos un modulo data_mon_* en ingles del cliente."
"Qing Yangzi","Aparece en al menos un modulo data_mon_* en ingles del cliente."
"Qingqiao","Aparece en al menos un modulo data_mon_* en ingles del cliente."
"Qingqiu Boss","Aparece en al menos un modulo data_mon_* en ingles del cliente."
"Qiong Suanru","Aparece en al menos un modulo data_mon_* en ingles del cliente."
"Qiongqi","Aparece en al menos un modulo data_mon_* en ingles del cliente."
"Qiongqi King","Aparece en al menos un modulo data_mon_* en ingles del cliente."
"Qiu Xubai","Aparece en al menos un modulo data_mon_* en ingles del cliente."
"Quest Bulletin","Aparece en al menos un modulo data_mon_* en ingles del cliente."
"Quest Ended","Aparece en al menos un modulo data_mon_* en ingles del cliente."
"Rabbit","Aparece en al menos un modulo data_mon_* en ingles del cliente."
"Rabbit Fairy","Aparece en al menos un modulo data_mon_* en ingles del cliente."
"Rabbit Hole","Aparece en al menos un modulo data_mon_* en ingles del cliente."
"Ranch Admin","Aparece en al menos un modulo data_mon_* en ingles del cliente."
"Realm Demon Ape","Aparece en al menos un modulo data_mon_* en ingles del cliente."
"Red Bird","Aparece en al menos un modulo data_mon_* en ingles del cliente."
"Red Child","Aparece en al menos un modulo data_mon_* en ingles del cliente."
"Red Suan","Aparece en al menos un modulo data_mon_* en ingles del cliente."
"Reincarnated Pangu","Aparece en al menos un modulo data_mon_* en ingles del cliente."
"Reinforce Seal","Aparece en al menos un modulo data_mon_* en ingles del cliente."
"Replace Template","Aparece en al menos un modulo data_mon_* en ingles del cliente."
"Retainer","Aparece en al menos un modulo data_mon_* en ingles del cliente."
"Revival of Evil Force","Aparece en al menos un modulo data_mon_* en ingles del cliente."
"Ride Flying Boat","Aparece en al menos un modulo data_mon_* en ingles del cliente."
"Rime Phoenix","Aparece en al menos un modulo data_mon_* en ingles del cliente."
"robot_noAuto","Aparece en al menos un modulo data_mon_* en ingles del cliente."
"Rock Fiend","Aparece en al menos un modulo data_mon_* en ingles del cliente."
"Rong Bige","Aparece en al menos un modulo data_mon_* en ingles del cliente."
"Royal Bodyguard","Aparece en al menos un modulo data_mon_* en ingles del cliente."
"Ruan Qinge","Aparece en al menos un modulo data_mon_* en ingles del cliente."
"Ruins General","Aparece en al menos un modulo data_mon_* en ingles del cliente."
"Runway Template","Aparece en al menos un modulo data_mon_* en ingles del cliente."
"Sacred Griffin","Aparece en al menos un modulo data_mon_* en ingles del cliente."
"Sacred Monkey","Aparece en al menos un modulo data_mon_* en ingles del cliente."
"Samsara Abyss","Aparece en al menos un modulo data_mon_* en ingles del cliente."
"Samsara of the Six Paths","Aparece en al menos un modulo data_mon_* en ingles del cliente."
"Savage Bull Demon","Aparece en al menos un modulo data_mon_* en ingles del cliente."
"scene_func","Aparece en al menos un modulo data_mon_* en ingles del cliente."
"sceneId","Aparece en al menos un modulo data_mon_* en ingles del cliente."
"Scholar Lin","Aparece en al menos un modulo data_mon_* en ingles del cliente."
"Scholar Wenda","Aparece en al menos un modulo data_mon_* en ingles del cliente."
"Scout the aura","Aparece en al menos un modulo data_mon_* en ingles del cliente."
"Seademon","Aparece en al menos un modulo data_mon_* en ingles del cliente."
"Seal Chain","Aparece en al menos un modulo data_mon_* en ingles del cliente."
"Seal Chain Disappears","Aparece en al menos un modulo data_mon_* en ingles del cliente."
"Seal Gate","Aparece en al menos un modulo data_mon_* en ingles del cliente."
"Seal Spiritstone","Aparece en al menos un modulo data_mon_* en ingles del cliente."
"Second Brother Tiger Adult","Aparece en al menos un modulo data_mon_* en ingles del cliente."
"Second Sister Rabbit Adult","Aparece en al menos un modulo data_mon_* en ingles del cliente."
"See what happened","Aparece en al menos un modulo data_mon_* en ingles del cliente."
"Sentry Bodyguard","Aparece en al menos un modulo data_mon_* en ingles del cliente."
"Servant","Aparece en al menos un modulo data_mon_* en ingles del cliente."
"set_config_meta","Aparece en al menos un modulo data_mon_* en ingles del cliente."
"Shadowed Treasure Hunt","Aparece en al menos un modulo data_mon_* en ingles del cliente."
"Shadowless","Aparece en al menos un modulo data_mon_* en ingles del cliente."
"Shaggai Motherworm","Aparece en al menos un modulo data_mon_* en ingles del cliente."
"Shard","Aparece en al menos un modulo data_mon_* en ingles del cliente."
"Shark Kun","Aparece en al menos un modulo data_mon_* en ingles del cliente."
"Sharpness","Aparece en al menos un modulo data_mon_* en ingles del cliente."
"Shebishi","Aparece en al menos un modulo data_mon_* en ingles del cliente."
"Shi Sanfeng","Aparece en al menos un modulo data_mon_* en ingles del cliente."
"Shimmer Lantern Sprite","Aparece en al menos un modulo data_mon_* en ingles del cliente."
"Shrimp General","Aparece en al menos un modulo data_mon_* en ingles del cliente."
"Shrimp Soldier","Aparece en al menos un modulo data_mon_* en ingles del cliente."
"Si Xiangquan","Aparece en al menos un modulo data_mon_* en ingles del cliente."
"Silent Coffinwalker","Aparece en al menos un modulo data_mon_* en ingles del cliente."
"Sixian","Aparece en al menos un modulo data_mon_* en ingles del cliente."
"skill_list_func","Aparece en al menos un modulo data_mon_* en ingles del cliente."
"Skybreak Sect Disciple","Aparece en al menos un modulo data_mon_* en ingles del cliente."
"Skybreak Sect Elder","Aparece en al menos un modulo data_mon_* en ingles del cliente."
"Skybreak Sect Senior","Aparece en al menos un modulo data_mon_* en ingles del cliente."
"Skyfox Ancestor","Aparece en al menos un modulo data_mon_* en ingles del cliente."
"Skyfox Sect","Aparece en al menos un modulo data_mon_* en ingles del cliente."
"Skyfox Sect Disciple","Aparece en al menos un modulo data_mon_* en ingles del cliente."
"Skyfox Sect Head Maiden","Aparece en al menos un modulo data_mon_* en ingles del cliente."
"Skyreach Colossus","Aparece en al menos un modulo data_mon_* en ingles del cliente."
"Sleek Rat","Aparece en al menos un modulo data_mon_* en ingles del cliente."
"Sleek Rat Minion","Aparece en al menos un modulo data_mon_* en ingles del cliente."
"slow_motion","Aparece en al menos un modulo data_mon_* en ingles del cliente."
"Small Chest","Aparece en al menos un modulo data_mon_* en ingles del cliente."
"Small Crystal","Aparece en al menos un modulo data_mon_* en ingles del cliente."
"Small Mine Guard","Aparece en al menos un modulo data_mon_* en ingles del cliente."
"Snake Sister","Aparece en al menos un modulo data_mon_* en ingles del cliente."
"Snake Sister Adulthood","Aparece en al menos un modulo data_mon_* en ingles del cliente."
"Snow Xenobeast","Aparece en al menos un modulo data_mon_* en ingles del cliente."
"Song Fairy","Aparece en al menos un modulo data_mon_* en ingles del cliente."
"Song Zhenshu","Aparece en al menos un modulo data_mon_* en ingles del cliente."
"Soul Corruption","Aparece en al menos un modulo data_mon_* en ingles del cliente."
"Soul Seduction","Aparece en al menos un modulo data_mon_* en ingles del cliente."
"Soulless Disciple","Aparece en al menos un modulo data_mon_* en ingles del cliente."
"Spear Disciple","Aparece en al menos un modulo data_mon_* en ingles del cliente."
"Spear Sect Disciple","Aparece en al menos un modulo data_mon_* en ingles del cliente."
"Spectre Squire","Aparece en al menos un modulo data_mon_* en ingles del cliente."
"Spirit","Aparece en al menos un modulo data_mon_* en ingles del cliente."
"Spirit Bird","Aparece en al menos un modulo data_mon_* en ingles del cliente."
"Spirit Energy","Aparece en al menos un modulo data_mon_* en ingles del cliente."
"Spirit Rabbit","Aparece en al menos un modulo data_mon_* en ingles del cliente."
"Spirit Rice Pastry","Aparece en al menos un modulo data_mon_* en ingles del cliente."
"Spirit Tiger","Aparece en al menos un modulo data_mon_* en ingles del cliente."
"Spirit Trial","Aparece en al menos un modulo data_mon_* en ingles del cliente."
"Spiritfox","Aparece en al menos un modulo data_mon_* en ingles del cliente."
"Spiritstone Trace","Aparece en al menos un modulo data_mon_* en ingles del cliente."
"Sprite Warden","Aparece en al menos un modulo data_mon_* en ingles del cliente."
"Staff Monk","Aparece en al menos un modulo data_mon_* en ingles del cliente."
"Staff Welcome","Aparece en al menos un modulo data_mon_* en ingles del cliente."
"Statue Shard","Aparece en al menos un modulo data_mon_* en ingles del cliente."
"Sternness","Aparece en al menos un modulo data_mon_* en ingles del cliente."
"Stone","Aparece en al menos un modulo data_mon_* en ingles del cliente."
"Stone Platform","Aparece en al menos un modulo data_mon_* en ingles del cliente."
"Story Hawk","Aparece en al menos un modulo data_mon_* en ingles del cliente."
"Su Shushi","Aparece en al menos un modulo data_mon_* en ingles del cliente."
"Su Xingqi","Aparece en al menos un modulo data_mon_* en ingles del cliente."
"Subdue Chenghuang","Aparece en al menos un modulo data_mon_* en ingles del cliente."
"Sumeru Dharma Form","Aparece en al menos un modulo data_mon_* en ingles del cliente."
"Sun Kang","Aparece en al menos un modulo data_mon_* en ingles del cliente."
"Sunlue","Aparece en al menos un modulo data_mon_* en ingles del cliente."
"Supreme Dragon","Aparece en al menos un modulo data_mon_* en ingles del cliente."
"Suqiu","Aparece en al menos un modulo data_mon_* en ingles del cliente."
"Sword Forging","Aparece en al menos un modulo data_mon_* en ingles del cliente."
"Sword Saint","Aparece en al menos un modulo data_mon_* en ingles del cliente."
"Sword Sect Disciple","Aparece en al menos un modulo data_mon_* en ingles del cliente."
"Tabooless Lady","Aparece en al menos un modulo data_mon_* en ingles del cliente."
"Tale of Lu Wu","Aparece en al menos un modulo data_mon_* en ingles del cliente."
"Talisman Spirit","Aparece en al menos un modulo data_mon_* en ingles del cliente."
"Tan Ouhe","Aparece en al menos un modulo data_mon_* en ingles del cliente."
"Tang Qingjian","Aparece en al menos un modulo data_mon_* en ingles del cliente."
"Tangtang","Aparece en al menos un modulo data_mon_* en ingles del cliente."
"Tao Lele","Aparece en al menos un modulo data_mon_* en ingles del cliente."
"Taotie","Aparece en al menos un modulo data_mon_* en ingles del cliente."
"Taotie King","Aparece en al menos un modulo data_mon_* en ingles del cliente."
"Taowu","Aparece en al menos un modulo data_mon_* en ingles del cliente."
"Tap to Drive","Aparece en al menos un modulo data_mon_* en ingles del cliente."
"tarr","Aparece en al menos un modulo data_mon_* en ingles del cliente."
"Taste Steamed Buns","Aparece en al menos un modulo data_mon_* en ingles del cliente."
"tcache","Aparece en al menos un modulo data_mon_* en ingles del cliente."
"Temple Elder","Aparece en al menos un modulo data_mon_* en ingles del cliente."
"The Cold Food Observance","Aparece en al menos un modulo data_mon_* en ingles del cliente."
"The Silver Lotus","Aparece en al menos un modulo data_mon_* en ingles del cliente."
"Thief Demon","Aparece en al menos un modulo data_mon_* en ingles del cliente."
"Throne Intruder","Aparece en al menos un modulo data_mon_* en ingles del cliente."
"Thunder Beast","Aparece en al menos un modulo data_mon_* en ingles del cliente."
"Thunder Skill","Aparece en al menos un modulo data_mon_* en ingles del cliente."
"Tian Shuibi","Aparece en al menos un modulo data_mon_* en ingles del cliente."
"Tian Zheng","Aparece en al menos un modulo data_mon_* en ingles del cliente."
"Tidecaller Nightfiend","Aparece en al menos un modulo data_mon_* en ingles del cliente."
"Time Arcadia","Aparece en al menos un modulo data_mon_* en ingles del cliente."
"Time Realm","Aparece en al menos un modulo data_mon_* en ingles del cliente."
"Tingxiao","Aparece en al menos un modulo data_mon_* en ingles del cliente."
"Tingyin","Aparece en al menos un modulo data_mon_* en ingles del cliente."
"tinsert","Aparece en al menos un modulo data_mon_* en ingles del cliente."
"title_func","Aparece en al menos un modulo data_mon_* en ingles del cliente."
"Tombstone","Aparece en al menos un modulo data_mon_* en ingles del cliente."
"Torch Dragon","Aparece en al menos un modulo data_mon_* en ingles del cliente."
"Tortoise","Aparece en al menos un modulo data_mon_* en ingles del cliente."
"Touring Ape General","Aparece en al menos un modulo data_mon_* en ingles del cliente."
"Touring Lin General","Aparece en al menos un modulo data_mon_* en ingles del cliente."
"Touring Qilin General","Aparece en al menos un modulo data_mon_* en ingles del cliente."
"Tower Defense Test Mob","Aparece en al menos un modulo data_mon_* en ingles del cliente."
"Tree Demon","Aparece en al menos un modulo data_mon_* en ingles del cliente."
"tres","Aparece en al menos un modulo data_mon_* en ingles del cliente."
"Trial Stone","Aparece en al menos un modulo data_mon_* en ingles del cliente."
"Troublemaking Demon","Aparece en al menos un modulo data_mon_* en ingles del cliente."
"Trove Asura","Aparece en al menos un modulo data_mon_* en ingles del cliente."
"tsplit","Aparece en al menos un modulo data_mon_* en ingles del cliente."
"tsplitArr","Aparece en al menos un modulo data_mon_* en ingles del cliente."
"ttonumber","Aparece en al menos un modulo data_mon_* en ingles del cliente."
"Tushan Bai","Aparece en al menos un modulo data_mon_* en ingles del cliente."
"Tushan Cangming","Aparece en al menos un modulo data_mon_* en ingles del cliente."
"Tushan Cheng","Aparece en al menos un modulo data_mon_* en ingles del cliente."
"Tushan Fang","Aparece en al menos un modulo data_mon_* en ingles del cliente."
"Tushan Fawn","Aparece en al menos un modulo data_mon_* en ingles del cliente."
"Tushan Huang","Aparece en al menos un modulo data_mon_* en ingles del cliente."
"Tushan Jing","Aparece en al menos un modulo data_mon_* en ingles del cliente."
"Tushan Jingjing","Aparece en al menos un modulo data_mon_* en ingles del cliente."
"Tushan Jinrong","Aparece en al menos un modulo data_mon_* en ingles del cliente."
"Tushan Jinyu","Aparece en al menos un modulo data_mon_* en ingles del cliente."
"Tushan Lang","Aparece en al menos un modulo data_mon_* en ingles del cliente."
"Tushan Leng","Aparece en al menos un modulo data_mon_* en ingles del cliente."
"Tushan Lingxi","Aparece en al menos un modulo data_mon_* en ingles del cliente."
"Tushan Luo","Aparece en al menos un modulo data_mon_* en ingles del cliente."
"Tushan Lv","Aparece en al menos un modulo data_mon_* en ingles del cliente."
"Tushan Shang","Aparece en al menos un modulo data_mon_* en ingles del cliente."
"Tushan Tan","Aparece en al menos un modulo data_mon_* en ingles del cliente."
"Tushan Xi","Aparece en al menos un modulo data_mon_* en ingles del cliente."
"Tushan Xiaohua","Aparece en al menos un modulo data_mon_* en ingles del cliente."
"Tushan Xuange","Aparece en al menos un modulo data_mon_* en ingles del cliente."
"Tushan Ya","Aparece en al menos un modulo data_mon_* en ingles del cliente."
"Tushan Ying","Aparece en al menos un modulo data_mon_* en ingles del cliente."
"Tushan Yuan","Aparece en al menos un modulo data_mon_* en ingles del cliente."
"Tushan Zi","Aparece en al menos un modulo data_mon_* en ingles del cliente."
"tval","Aparece en al menos un modulo data_mon_* en ingles del cliente."
"Umbrella Disciple","Aparece en al menos un modulo data_mon_* en ingles del cliente."
"Undead Soldier","Aparece en al menos un modulo data_mon_* en ingles del cliente."
"Unforgivable Evil","Aparece en al menos un modulo data_mon_* en ingles del cliente."
"Unseal Spiritstone","Aparece en al menos un modulo data_mon_* en ingles del cliente."
"Use the Demon Order","Aparece en al menos un modulo data_mon_* en ingles del cliente."
"val","Aparece en al menos un modulo data_mon_* en ingles del cliente."
"Vermilion Bird","Aparece en al menos un modulo data_mon_* en ingles del cliente."
"Village Chief","Aparece en al menos un modulo data_mon_* en ingles del cliente."
"Villager","Aparece en al menos un modulo data_mon_* en ingles del cliente."
"Vortex","Aparece en al menos un modulo data_mon_* en ingles del cliente."
"Wang Shengwang","Aparece en al menos un modulo data_mon_* en ingles del cliente."
"Wang Songzhai","Aparece en al menos un modulo data_mon_* en ingles del cliente."
"Wang Xianmei","Aparece en al menos un modulo data_mon_* en ingles del cliente."
"Wang Xianyue","Aparece en al menos un modulo data_mon_* en ingles del cliente."
"Warrior Monk","Aparece en al menos un modulo data_mon_* en ingles del cliente."
"Water Elemental","Aparece en al menos un modulo data_mon_* en ingles del cliente."
"Water Moon","Aparece en al menos un modulo data_mon_* en ingles del cliente."
"Water Pavilion Elite","Aparece en al menos un modulo data_mon_* en ingles del cliente."
"Water Pavilion Fighter","Aparece en al menos un modulo data_mon_* en ingles del cliente."
"Water Pavilion Leader","Aparece en al menos un modulo data_mon_* en ingles del cliente."
"Water Skill","Aparece en al menos un modulo data_mon_* en ingles del cliente."
"Wedding Floral Float","Aparece en al menos un modulo data_mon_* en ingles del cliente."
"Wedding Gift","Aparece en al menos un modulo data_mon_* en ingles del cliente."
"Welcoming Fairy","Aparece en al menos un modulo data_mon_* en ingles del cliente."
"Welcoming Monk","Aparece en al menos un modulo data_mon_* en ingles del cliente."
"Wen Ligu","Aparece en al menos un modulo data_mon_* en ingles del cliente."
"Wen Sihan","Aparece en al menos un modulo data_mon_* en ingles del cliente."
"West City General","Aparece en al menos un modulo data_mon_* en ingles del cliente."
"West Palace Mythical Beast","Aparece en al menos un modulo data_mon_* en ingles del cliente."
"White Tiger","Aparece en al menos un modulo data_mon_* en ingles del cliente."
"White Tiger Lord","Aparece en al menos un modulo data_mon_* en ingles del cliente."
"Wild Boar","Aparece en al menos un modulo data_mon_* en ingles del cliente."
"Wind Elemental","Aparece en al menos un modulo data_mon_* en ingles del cliente."
"Winery Keeper","Aparece en al menos un modulo data_mon_* en ingles del cliente."
"Wondrous Guard","Aparece en al menos un modulo data_mon_* en ingles del cliente."
"Wondrous Owl","Aparece en al menos un modulo data_mon_* en ingles del cliente."
"Wondrous Soldier","Aparece en al menos un modulo data_mon_* en ingles del cliente."
"Wrath Thunder Lord","Aparece en al menos un modulo data_mon_* en ingles del cliente."
"Wu Kong","Aparece en al menos un modulo data_mon_* en ingles del cliente."
"Wu Zhiqi","Aparece en al menos un modulo data_mon_* en ingles del cliente."
"Xi Tingyun","Aparece en al menos un modulo data_mon_* en ingles del cliente."
"Xi Yousi","Aparece en al menos un modulo data_mon_* en ingles del cliente."
"Xia Congxin","Aparece en al menos un modulo data_mon_* en ingles del cliente."
"Xia Congyun","Aparece en al menos un modulo data_mon_* en ingles del cliente."
"Xia Shu","Aparece en al menos un modulo data_mon_* en ingles del cliente."
"Xia Yuanluo","Aparece en al menos un modulo data_mon_* en ingles del cliente."
"Xiangliu","Aparece en al menos un modulo data_mon_* en ingles del cliente."
"Xianrao","Aparece en al menos un modulo data_mon_* en ingles del cliente."
"Xiao Xingmo","Aparece en al menos un modulo data_mon_* en ingles del cliente."
"Xiao Yan","Aparece en al menos un modulo data_mon_* en ingles del cliente."
"Xiaolin","Aparece en al menos un modulo data_mon_* en ingles del cliente."
"Xiashan Dragon General","Aparece en al menos un modulo data_mon_* en ingles del cliente."
"Xiashan Dragon Guard","Aparece en al menos un modulo data_mon_* en ingles del cliente."
"Xiashan Kun Guard","Aparece en al menos un modulo data_mon_* en ingles del cliente."
"Xiashan Phoenix General","Aparece en al menos un modulo data_mon_* en ingles del cliente."
"Xiashan Phoenix Guard","Aparece en al menos un modulo data_mon_* en ingles del cliente."
"Xichuan","Aparece en al menos un modulo data_mon_* en ingles del cliente."
"Xie Shuyun","Aparece en al menos un modulo data_mon_* en ingles del cliente."
"Xie Yunfei","Aparece en al menos un modulo data_mon_* en ingles del cliente."
"Xing Luozi","Aparece en al menos un modulo data_mon_* en ingles del cliente."
"Xinglan","Aparece en al menos un modulo data_mon_* en ingles del cliente."
"Xingluo","Aparece en al menos un modulo data_mon_* en ingles del cliente."
"Xingxuan","Aparece en al menos un modulo data_mon_* en ingles del cliente."
"Xinnian","Aparece en al menos un modulo data_mon_* en ingles del cliente."
"Xuanguang","Aparece en al menos un modulo data_mon_* en ingles del cliente."
"Xuanjian","Aparece en al menos un modulo data_mon_* en ingles del cliente."
"Xuewen","Aparece en al menos un modulo data_mon_* en ingles del cliente."
"Yao Zhuyun","Aparece en al menos un modulo data_mon_* en ingles del cliente."
"Yaozhuo","Aparece en al menos un modulo data_mon_* en ingles del cliente."
"Yellow Palace Demon King","Aparece en al menos un modulo data_mon_* en ingles del cliente."
"Yeshou","Aparece en al menos un modulo data_mon_* en ingles del cliente."
"Yewu","Aparece en al menos un modulo data_mon_* en ingles del cliente."
"Yi Xiaodai","Aparece en al menos un modulo data_mon_* en ingles del cliente."
"Yinglong","Aparece en al menos un modulo data_mon_* en ingles del cliente."
"Yingluo","Aparece en al menos un modulo data_mon_* en ingles del cliente."
"Yingmei","Aparece en al menos un modulo data_mon_* en ingles del cliente."
"Yitian","Aparece en al menos un modulo data_mon_* en ingles del cliente."
"You Luming","Aparece en al menos un modulo data_mon_* en ingles del cliente."
"Youhuang","Aparece en al menos un modulo data_mon_* en ingles del cliente."
"Yu Panma","Aparece en al menos un modulo data_mon_* en ingles del cliente."
"Yuan Fengming","Aparece en al menos un modulo data_mon_* en ingles del cliente."
"Yuantong","Aparece en al menos un modulo data_mon_* en ingles del cliente."
"Yuchi Wenmo","Aparece en al menos un modulo data_mon_* en ingles del cliente."
"Yue Pocai","Aparece en al menos un modulo data_mon_* en ingles del cliente."
"Yue Qunqing","Aparece en al menos un modulo data_mon_* en ingles del cliente."
"Yun Shuyao","Aparece en al menos un modulo data_mon_* en ingles del cliente."
"Yun Xinyin","Aparece en al menos un modulo data_mon_* en ingles del cliente."
"Yunshang","Aparece en al menos un modulo data_mon_* en ingles del cliente."
"Zconfig_data","Aparece en al menos un modulo data_mon_* en ingles del cliente."
"Zhang Chuhe","Aparece en al menos un modulo data_mon_* en ingles del cliente."
"Zhangchuan","Aparece en al menos un modulo data_mon_* en ingles del cliente."
"Zhangsun Huaijin","Aparece en al menos un modulo data_mon_* en ingles del cliente."
"Zhao Leshi","Aparece en al menos un modulo data_mon_* en ingles del cliente."
"Zhao Qingshang","Aparece en al menos un modulo data_mon_* en ingles del cliente."
"Zhao Qinwang","Aparece en al menos un modulo data_mon_* en ingles del cliente."
"Zhao Shutong","Aparece en al menos un modulo data_mon_* en ingles del cliente."
"Zhao Xuanse","Aparece en al menos un modulo data_mon_* en ingles del cliente."
"Zhaohua","Aparece en al menos un modulo data_mon_* en ingles del cliente."
"Zhengtong","Aparece en al menos un modulo data_mon_* en ingles del cliente."
"Zhimeng","Aparece en al menos un modulo data_mon_* en ingles del cliente."
"Zhiwei","Aparece en al menos un modulo data_mon_* en ingles del cliente."
"Zhiyuan","Aparece en al menos un modulo data_mon_* en ingles del cliente."
"Zhong Chuangong","Aparece en al menos un modulo data_mon_* en ingles del cliente."
"Zhong Yue","Aparece en al menos un modulo data_mon_* en ingles del cliente."
"Zhuyan","Aparece en al menos un modulo data_mon_* en ingles del cliente."
"Zisu","Aparece en al menos un modulo data_mon_* en ingles del cliente."
"Zou Buji","Aparece en al menos un modulo data_mon_* en ingles del cliente."
"Zuo Jiugong","Aparece en al menos un modulo data_mon_* en ingles del cliente."
